# Exported from Figuro at https://www.figuro.io

mtllib newscene.mtl
g character-male-...
v -80.58373675113243 8.249998956919 238.4344220352997
v -79.58372875113243 17.624998956919 238.4344220352997
v -78.08373275113243 8.249998956919 240.93442603529968
v -77.08372375113242 17.624998956919 240.93442603529968
v -73.44623475113244 17.624998956919 226.1844310352997
v -72.44623475113244 8.249998956919 226.1844310352997
v -70.94623475113244 17.624998956919 228.6844310352997
v -69.94622475113243 8.249998956919 228.6844310352997
v -78.08373275113243 8.249998956919 226.1844310352997
v -77.08372375113242 17.624998956919 226.1844310352997
v -72.44623475113244 8.249998956919 240.93442603529968
v -73.44623475113244 17.624998956919 240.93442603529968
v -70.94623475113244 17.624998956919 238.4344220352997
v -79.58372875113243 17.624998956919 228.6844310352997
v -80.58373675113243 8.249998956919 228.6844310352997
v -69.94622475113243 8.249998956919 238.4344220352997
v -68.01019475113243 7.566417956919 240.7070350352997
v -68.01019475113243 4.124395956919 227.8611930352997
v -71.42020475113243 8.448998956918999 244.0008510352997
v -71.42020475113243 3.241814956919 224.5674010352997
v -79.10975575113243 8.448998956918999 244.0008510352997
v -79.10975575113243 3.241814956919 224.5674010352997
v -82.51976375113243 7.566417956919 240.7070350352997
v -82.51976375113243 4.124395956919 227.8611930352997
v -68.73568475113242 9.705676956919 227.0540930352997
v -68.73568475113242 12.803508956919 238.61536303529968
v -71.80469475113243 8.911356956919 224.0896810352997
v -71.80469475113243 13.597828956918999 241.5797990352997
v -78.72527075113243 8.911356956919 224.0896810352997
v -78.72527075113243 13.597828956918999 241.5797990352997
v -81.79427775113243 9.705676956919 227.0540930352997
v -81.79427775113243 12.803508956919 238.61536303529968
v -87.53292075113244 17.624998956919 228.6844310352997
v -87.53292075113244 17.624998956919 238.4344220352997
v -90.03292475113243 17.624998956919 226.1844310352997
v -90.03292475113243 17.624998956919 240.93442603529968
v -93.67040475113242 17.624998956919 226.1844310352997
v -93.67040475113242 17.624998956919 240.93442603529968
v -96.17041475113243 17.624998956919 228.6844310352997
v -96.17041475113243 17.624998956919 238.4344220352997
v -89.03291675113243 8.249998956919 240.93442603529968
v -94.67041475113243 8.249998956919 240.93442603529968
v -89.03291675113243 8.249998956919 226.1844310352997
v -86.53291275113243 8.249998956919 228.6844310352997
v -86.53291275113243 8.249998956919 238.4344220352997
v -94.67041475113243 8.249998956919 226.1844310352997
v -97.17042475113243 8.249998956919 228.6844310352997
v -97.17042475113243 8.249998956919 238.4344220352997
v -85.32236975113243 9.705676956919 227.0540930352997
v -85.32236975113243 12.803508956919 238.61536303529968
v -88.39137675113243 8.911356956919 224.0896810352997
v -88.39137675113243 13.597828956918999 241.5797990352997
v -95.31195475113243 8.911356956919 224.0896810352997
v -95.31195475113243 13.597828956918999 241.5797990352997
v -98.38096475113244 9.705676956919 227.0540930352997
v -98.38096475113244 12.803508956919 238.61536303529968
v -84.59688375113244 7.566417956919 240.7070350352997
v -84.59688375113244 4.124395956919 227.8611930352997
v -88.00689175113243 8.448998956918999 244.0008510352997
v -88.00689175113243 3.241814956919 224.5674010352997
v -95.69644475113243 8.448998956918999 244.0008510352997
v -95.69644475113243 3.241814956919 224.5674010352997
v -99.10644475113243 7.566417956919 240.7070350352997
v -99.10644475113243 4.124395956919 227.8611930352997
v -104.95309475113243 36.824998956919 241.6138810352997
v -110.60699475113243 36.824998956919 244.3227740352997
v -109.74923475113243 36.824998956919 231.60352003529968
v -115.40313475113243 36.824998956919 234.3124370352997
v -103.87288475113243 23.225008956918998 243.8684520352997
v -104.95309475113243 20.725008956918998 241.6138810352997
v -109.52676475113243 23.225008956918998 246.5773410352997
v -110.60699475113243 20.725008956918998 244.3227740352997
v -110.82946475113243 34.324998956919 229.34895003529968
v -116.48334475113242 34.324998956919 232.0578430352997
v -110.82946475113243 23.225008956918998 229.34895003529968
v -109.74923475113243 20.725008956918998 231.60352003529968
v -103.87288475113243 34.324998956919 243.8684520352997
v -116.48334475113242 23.225008956918998 232.0578430352997
v -115.40313475113243 20.725008956918998 234.3124370352997
v -109.52676475113243 34.324998956919 246.5773410352997
v -56.50965475113243 20.725008956918998 244.3227740352997
v -62.16355475113244 20.725008956918998 241.6138810352997
v -57.58988475113243 23.225008956918998 246.5773410352997
v -63.24375475113243 23.225008956918998 243.8684520352997
v -50.633304751132435 23.225008956918998 232.0578430352997
v -51.71350475113243 20.725008956918998 234.3124370352997
v -50.633304751132435 34.324998956919 232.0578430352997
v -51.71350475113243 36.824998956919 234.3124370352997
v -56.50965475113243 36.824998956919 244.3227740352997
v -57.58988475113243 34.324998956919 246.5773410352997
v -56.28717475113243 23.225008956918998 229.34895003529968
v -56.28717475113243 34.324998956919 229.34895003529968
v -62.16355475113244 36.824998956919 241.6138810352997
v -63.24375475113243 34.324998956919 243.8684520352997
v -57.36741475113243 36.824998956919 231.60352003529968
v -57.36741475113243 20.725008956918998 231.60352003529968
v -75.26499175113243 8.999994956919 241.6844210352997
v -75.26499175113243 5.750003956919 246.6844210352997
v -79.79093575113244 5.750003956919 245.23816603529968
v -70.73902475113243 5.750003956919 245.23816603529968
v -78.76024175113243 5.750003956919 226.1844210352997
v -75.26499175113243 8.999994956919 228.6844200352997
v -81.86024175113243 5.750003956919 228.6844200352997
v -68.66974475113243 5.750003956919 241.6844210352997
v -71.76972475113243 5.750003956919 226.1844210352997
v -68.66974475113243 5.750003956919 228.6844200352997
v -81.86024175113243 5.750003956919 241.6844210352997
v -70.73902475113243 2.875009956919 245.23816603529968
v -75.26499175113243 2.875009956919 246.6844210352997
v -81.86024175113243 2.875009956919 228.6844200352997
v -81.86024175113243 2.875009956919 241.6844210352997
v -78.76024175113243 2.875009956919 226.1844210352997
v -71.76972475113243 2.875009956919 226.1844210352997
v -68.66974475113243 2.875009956919 228.6844200352997
v -79.79093575113244 2.875009956919 245.23816603529968
v -68.66974475113243 2.875009956919 241.6844210352997
v -88.35640775113244 5.750003956919 226.1844310352997
v -85.25642775113243 5.750003956919 228.6844320352997
v -91.85167675113243 8.999994956919 228.6844320352997
v -95.34692475113243 5.750003956919 226.1844310352997
v -98.44692475113243 5.750003956919 228.6844320352997
v -85.25642775113243 5.750003956919 241.6844330352997
v -87.32571375113243 5.750003956919 245.23817803529968
v -91.85167675113243 8.999994956919 241.6844330352997
v -91.85167675113243 5.750003956919 246.6844310352997
v -96.37762475113243 5.750003956919 245.23817803529968
v -98.44692475113243 5.750003956919 241.6844330352997
v -88.35640775113244 2.875009956919 226.1844310352997
v -85.25642775113243 2.875009956919 228.6844320352997
v -85.25642775113243 2.875009956919 241.6844330352997
v -95.34692475113243 2.875009956919 226.1844310352997
v -98.44692475113243 2.875009956919 228.6844320352997
v -98.44692475113243 2.875009956919 241.6844330352997
v -96.37762475113243 2.875009956919 245.23817803529968
v -87.32571375113243 2.875009956919 245.23817803529968
v -91.85167675113243 2.875009956919 246.6844310352997
v -70.94622475113243 22.468318956919 220.14830103529968
v -70.94622475113243 17.625008956919 220.14830103529968
v -68.44622475113243 22.468318956919 222.6482910352997
v -68.44622475113243 17.625008956919 222.6482910352997
v -68.44622475113243 17.625008956919 244.47056003529968
v -70.94622475113243 17.625008956919 246.97056103529968
v -96.17042475113243 17.625008956919 246.97056103529968
v -96.17042475113243 17.625008956919 220.14830103529968
v -98.67042475113243 17.625008956919 244.47056003529968
v -98.67042475113243 17.625008956919 222.6482910352997
v -70.94622475113243 22.468318956919 246.97056103529968
v -96.17042475113243 22.468318956919 246.97056103529968
v -98.67042475113243 22.468318956919 244.47056003529968
v -98.67042475113243 22.468318956919 222.6482910352997
v -68.44622475113243 22.468318956919 244.47056003529968
v -96.17042475113243 22.468318956919 220.14830103529968
v -73.56865475113243 22.468338956919002 246.9705510352997
v -73.56865475113243 22.468338956919002 220.14830103529968
v -78.42076675113243 22.468338956919002 246.9705510352997
v -78.42076675113243 22.468338956919002 220.14830103529968
v -73.56865475113243 35.668318956918995 222.14830103529968
v -73.56865475113243 35.668318956918995 244.9705470352997
v -78.42076675113243 35.668318956918995 222.14830103529968
v -78.42076675113243 35.668318956918995 244.9705470352997
v -88.69590775113244 22.468338956919002 246.9705510352997
v -88.69590775113244 22.468338956919002 220.14830103529968
v -93.54802075113244 22.468338956919002 246.9705510352997
v -93.54802075113244 22.468338956919002 220.14830103529968
v -88.69590775113244 35.668318956918995 222.14830103529968
v -88.69590775113244 35.668318956918995 244.9705470352997
v -93.54802075113244 35.668318956918995 222.14830103529968
v -93.54802075113244 35.668318956918995 244.9705470352997
v -116.47369475113243 33.289458956919 247.13361103529968
v -118.46018475113243 32.774838956919 246.3664950352997
v -116.92116475113244 34.324998956919 246.19974503529969
v -120.82242475113243 23.224998956919002 238.0571780352997
v -121.26985475113243 24.260538956919003 237.12327413529968
v -121.91673475113242 24.775148956919004 239.1521070352997
v -121.26985475113243 33.289458956919 237.12327413529968
v -120.82242475113243 34.324998956919 238.0571780352997
v -121.91673475113242 32.774838956919 239.1521070352997
v -116.47369475113243 24.260538956919003 247.13361103529968
v -116.92116475113244 23.224998956919002 246.19974503529969
v -118.46018475113243 24.775148956919004 246.3664950352997
v -107.78005475113244 24.260538956919003 242.96833103529968
v -108.22748475113244 23.224998956919002 242.0344270352997
v -112.12875475113243 34.324998956919 233.8918600352997
v -112.57618475113243 33.289458956919 232.9579890352997
v -107.78005475113244 33.289458956919 242.96833103529968
v -112.12875475113243 23.224998956919002 233.8918600352997
v -108.22748475113244 34.324998956919 242.0344270352997
v -112.57618475113243 24.260538956919003 232.9579890352997
v -48.65646475113243 32.774868956919 246.3664950352997
v -50.64293475113243 33.289478956919 247.1336310352997
v -50.195514751132436 34.324998956919 246.19975703529968
v -45.846794751132435 24.260548956919 237.1232864352997
v -46.29421475113243 23.224978956919 238.0571580352997
v -45.19991475113243 24.775158956919 239.1520890352997
v -46.29421475113243 34.324998956919 238.0571580352997
v -45.846794751132435 33.289478956919 237.1232864352997
v -45.19991475113243 32.774868956919 239.1520890352997
v -50.195514751132436 23.224978956919 246.19975703529968
v -50.64293475113243 24.260548956919 247.1336310352997
v -48.65646475113243 24.775158956919 246.3664950352997
v -59.33659475113243 24.260548956919 242.9683390352997
v -59.33659475113243 33.289478956919 242.9683390352997
v -58.88917475113243 23.224978956919 242.0344280352997
v -58.88917475113243 34.324998956919 242.0344280352997
v -54.54045475113243 33.289478956919 232.95799703529968
v -54.98788475113243 34.324998956919 233.8918690352997
v -54.54045475113243 24.260548956919 232.95799703529968
v -54.98788475113243 23.224978956919 233.8918690352997
v -68.99949475113243 0.000009387728999759579 241.42191903529968
v -68.99949475113243 0.000009387728999759579 229.0719280352997
v -70.96532475113243 0.000009387728999759579 244.7979700352997
v -71.94450475113243 0.000009387728999759579 226.6969130352997
v -75.26499175113243 0.000009387728999759579 246.17192903529968
v -78.58546075113243 0.000009387728999759579 226.6969130352997
v -79.56464075113243 0.000009387728999759579 244.7979700352997
v -81.53046675113244 0.000009387728999759579 229.0719280352997
v -81.53046675113244 0.000009387728999759579 241.42191903529968
v -75.26499175113243 2.8750039569189996 246.6844210352997
v -79.79093575113244 2.8750039569189996 245.23816603529968
v -71.76972475113243 2.8750039569189996 226.1844210352997
v -68.66974475113243 2.8750039569189996 228.6844200352997
v -68.66974475113243 2.8750039569189996 241.6844210352997
v -78.76024175113243 2.8750039569189996 226.1844210352997
v -70.73902475113243 2.8750039569189996 245.23816603529968
v -81.86024175113243 2.8750039569189996 228.6844200352997
v -81.86024175113243 2.8750039569189996 241.6844210352997
v -85.58618275113243 0.000009387728999759579 241.42193103529968
v -85.58618275113243 0.000009387728999759579 229.0719400352997
v -87.55200875113243 0.000009387728999759579 244.7979820352997
v -88.53118875113243 0.000009387728999759579 226.6969250352997
v -91.85167675113243 0.000009387728999759579 246.17194103529968
v -95.17214475113244 0.000009387728999759579 226.6969250352997
v -96.15132475113244 0.000009387728999759579 244.7979820352997
v -98.11715475113243 0.000009387728999759579 229.0719400352997
v -98.11715475113243 0.000009387728999759579 241.42193103529968
v -95.34692475113243 2.8750039569189996 226.1844310352997
v -88.35640775113244 2.8750039569189996 226.1844310352997
v -98.44692475113243 2.8750039569189996 228.6844320352997
v -98.44692475113243 2.8750039569189996 241.6844330352997
v -85.25642775113243 2.8750039569189996 228.6844320352997
v -85.25642775113243 2.8750039569189996 241.6844330352997
v -91.85167675113243 2.8750039569189996 246.6844310352997
v -96.37762475113243 2.8750039569189996 245.23817803529968
v -87.32571375113243 2.8750039569189996 245.23817803529968
v -87.05832275113244 22.468328956919002 243.9705460352997
v -87.05832275113244 22.468328956919002 248.9705510352997
v -87.05832275113244 17.624998956919 243.9705460352997
v -87.05832275113244 17.624998956919 248.9705510352997
v -80.05832475113243 22.468328956919002 243.9705460352997
v -80.05832475113243 17.624998956919 243.9705460352997
v -80.05832475113243 22.468328956919002 248.9705510352997
v -80.05832475113243 17.624998956919 248.9705510352997
v -81.05832775113244 23.468328956919002 243.9705460352997
v -81.05832775113244 23.468328956919002 248.9705510352997
v -86.05832975113243 23.468328956919002 243.9705460352997
v -86.05832975113243 23.468328956919002 248.9705510352997
v -81.05832775113244 16.624998956919 248.9705510352997
v -81.05832775113244 16.624998956919 243.9705460352997
v -86.05832975113243 16.624998956919 248.9705510352997
v -86.05832975113243 16.624998956919 243.9705460352997
v -70.94622475113243 25.311658956919004 222.6483210352997
v -70.94622475113243 17.625008956919 222.6483210352997
v -70.94622475113243 25.311658956919004 244.4705550352997
v -70.94622475113243 17.625008956919 244.4705550352997
v -96.17041475113243 17.625008956919 222.6483210352997
v -96.17041475113243 25.311658956919004 222.6483210352997
v -93.54799775113243 34.324998956919 224.9483110352997
v -96.17041475113243 25.311658956919004 244.4705550352997
v -93.54799775113243 34.324998956919 244.4705550352997
v -73.56864175113243 34.324998956919 224.9483110352997
v -73.56864175113243 34.324998956919 244.4705550352997
v -96.17041475113243 17.625008956919 244.4705550352997
v -93.54801975113243 34.324998956919 229.1594270352997
v -93.54801975113243 23.224998956919002 229.1594270352997
v -93.54801975113243 34.324998956919 240.2594250352997
v -93.54801975113243 23.224998956919002 240.2594250352997
v -102.12614475113243 23.224998956919002 240.2594250352997
v -105.73346475113243 23.224998956919002 241.9877820352997
v -102.12614475113243 34.324998956919 240.2594250352997
v -105.73346475113243 34.324998956919 241.9877820352997
v -104.64801475113244 23.224998956919002 229.1594270352997
v -110.52962475113243 23.224998956919002 231.97744003529968
v -104.64801475113244 34.324998956919 229.1594270352997
v -110.52962475113243 34.324998956919 231.97744003529968
v -93.54799875113243 34.324998956919 236.3476716852997
v -102.12614475113243 34.324998956919 236.3476716852997
v -101.12614475113243 36.324998956919 236.3476716852997
v -102.12614475113243 34.324998956919 229.1594250352997
v -93.54799875113243 34.324998956919 229.1594250352997
v -101.12614475113243 36.324998956919 229.1594250352997
v -56.587034751132435 23.224978956919 231.9774420352997
v -62.46865475113243 23.224978956919 229.1594100352997
v -61.38317475113244 23.224978956919 241.98778303529969
v -64.99052475113243 23.224978956919 240.2594300352997
v -73.56863875113243 23.224978956919 229.1594100352997
v -73.56863875113243 23.224978956919 240.2594300352997
v -62.46865475113243 34.324998956919 229.1594100352997
v -73.56863875113243 34.324998956919 229.1594100352997
v -56.587034751132435 34.324998956919 231.9774420352997
v -73.56863875113243 34.324998956919 240.2594300352997
v -64.99052475113243 34.324998956919 240.2594300352997
v -61.38317475113244 34.324998956919 241.98778303529969
v -73.56865075113244 34.324998956919 229.1594250352997
v -64.99050475113243 34.324998956919 229.1594250352997
v -65.99050475113243 36.324998956919 229.1594250352997
v -64.99050475113243 34.324998956919 236.3476716852997
v -73.56865075113244 34.324998956919 236.3476716852997
v -65.99050475113243 36.324998956919 236.3476716852997
v -68.44622475113243 22.468348956919 228.55942703529968
v -68.44622475113243 22.468348956919 238.5594270352997
v -68.44622475113243 12.324348956919003 230.5594270352997
v -68.44622475113243 12.324348956919003 236.5594268352997
v -64.44622475113243 22.468348956919 228.55942703529968
v -66.44622475113243 12.324348956919003 230.5594270352997
v -64.44622475113243 22.468348956919 238.5594270352997
v -66.44622475113243 12.324348956919003 236.5594268352997
v -98.67043475113243 22.468348956919 228.55942703529968
v -98.67043475113243 12.324348956919003 230.5594270352997
v -98.67043475113243 22.468348956919 238.5594270352997
v -98.67043475113243 12.324348956919003 236.5594268352997
v -102.67042475113243 22.468348956919 228.55942703529968
v -102.67042475113243 22.468348956919 238.5594270352997
v -100.67042475113243 12.324348956919003 230.5594270352997
v -100.67042475113243 12.324348956919003 236.5594268352997
v -66.55832475113243 56.445008956919 249.1982910352997
v -66.55832475113243 48.78789895691901 247.5227410352997
v -66.55832475113243 53.924228956918995 249.1982910352997
v -66.55832475113243 62.444988956919005 249.1982910352997
v -66.55832475113243 46.701058956919 241.9482870352997
v -66.55832475113243 46.701058956919 233.6983140352997
v -66.55832475113243 39.324988956919 223.1983010352997
v -66.55832475113243 39.324988956919 233.6983140352997
v -66.55832475113243 62.444988956919005 223.1983010352997
v -100.55831475113243 39.324988956919 223.1983010352997
v -100.55831475113243 62.444988956919005 223.1983010352997
v -100.55831475113243 39.324988956919 233.6983140352997
v -100.55831475113243 46.701058956919 233.6983140352997
v -100.55831475113243 62.444988956919005 249.1982910352997
v -100.55831475113243 46.701058956919 241.9482870352997
v -100.55831475113243 48.78789895691901 247.5227410352997
v -100.55831475113243 56.445008956919 249.1982910352997
v -100.55831475113243 53.924228956918995 249.1982910352997
v -93.55832475113243 67.132498956919 249.1982910352997
v -96.55831475113243 62.444988956919005 253.1982910352997
v -96.55831475113243 67.132498956919 246.1983070352997
v -70.55832475113243 62.444988956919005 253.1982910352997
v -73.55830475113243 67.132498956919 249.1982910352997
v -93.55832475113243 67.132498956919 223.1983010352997
v -96.55831475113243 67.132498956919 226.1982810352997
v -96.55831475113243 62.444988956919005 219.1983010352997
v -70.55832475113243 67.132498956919 226.1982810352997
v -70.55832475113243 67.132498956919 246.1983070352997
v -70.55832475113243 62.444988956919005 219.1983010352997
v -73.55830475113243 67.132498956919 223.1983010352997
v -70.55832475113243 39.324988956919 219.1983010352997
v -96.55831475113243 39.324988956919 219.1983010352997
v -70.55832475113243 56.445008956919 253.1982910352997
v -74.55831575113243 52.444978956919 253.1982910352997
v -77.38673475113244 53.616558956919 253.1982910352997
v -71.72989475113243 53.616558956919 253.1982910352997
v -78.55831175113244 56.445008956919 253.1982910352997
v -88.55832275113244 56.445008956919 253.1982910352997
v -96.55831475113243 56.445008956919 253.1982910352997
v -87.09386175113244 52.909468956919 253.1982910352997
v -80.02277375113243 52.909468956919 253.1982910352997
v -83.55831750045543 51.445008956919 253.1982910352997
v -89.72990075113243 53.616558956919 253.1982910352997
v -95.38673475113244 53.616558956919 253.1982910352997
v -92.55831875113243 52.444978956919 253.1982910352997
v -76.34932875113243 45.206248956919 252.3949410352997
v -78.46133275113243 45.910248956919006 252.3949410352997
v -74.23730175113243 45.910248956919006 252.3949410352997
v -73.53330475113243 48.022278956919 252.3949410352997
v -79.16534975113242 48.022278956919 252.3949410352997
v -74.23730175113243 50.13427895691899 252.3949410352997
v -80.43474875113243 40.158488956919 252.3949410352997
v -82.21897375113244 41.188608956919 252.3949410352997
v -79.07276175113243 40.745648956919 252.3949410352997
v -79.24527375113243 42.218728956918994 252.3949410352997
v -84.89766475113242 41.188608956919 252.3949410352997
v -87.87138875113243 42.218728956918994 252.3949410352997
v -81.60288775113243 43.487908956919 252.3949410352997
v -85.51377475113243 43.487908956919 252.3949410352997
v -88.04390175113244 40.745648956919 252.3949410352997
v -86.68188975113243 40.158488956919 252.3949410352997
v -90.76733375113243 45.206248956919 252.3949410352997
v -92.87933675113243 45.910248956919006 252.3949410352997
v -88.65530575113243 45.910248956919006 252.3949410352997
v -87.95131375113243 48.022278956919 252.3949410352997
v -93.58335475113243 48.022278956919 252.3949410352997
v -92.87933675113243 50.13427895691899 252.3949410352997
v -67.55834475113244 50.781058956919 233.69828403529968
v -65.88956475113244 50.781058956919 235.3670600352997
v -67.55834475113244 48.421068956919 237.0358360352997
v -65.88956475113244 41.341068956919 235.3670600352997
v -67.55834475113244 41.341068956919 233.69828403529968
v -67.55834475113244 43.701058956919 237.0358360352997
v -99.55830475113243 50.781058956919 233.69828403529968
v -99.55830475113243 48.421068956919 237.0358360352997
v -101.22708475113242 50.781058956919 235.3670600352997
v -99.55830475113243 43.701058956919 237.0358360352997
v -99.55830475113243 41.341068956919 233.69828403529968
v -101.22708475113242 41.341068956919 235.3670600352997
v -60.883234751132434 48.421068956919 230.3607760352997
v -60.883234751132434 43.701058956919 230.3607760352997
v -62.55201475113243 50.781058956919 232.0295520352997
v -62.55201475113243 41.341068956919 232.0295520352997
v -65.88956475113244 50.781058956919 228.69200103529968
v -67.55834475113244 50.781058956919 230.3607760352997
v -65.88956475113244 41.341068956919 228.69200103529968
v -67.55834475113244 41.341068956919 230.3607760352997
v -64.22079475113243 48.421068956919 227.0232250352997
v -64.22079475113243 43.701058956919 227.0232250352997
v -99.55830475113243 50.781058956919 230.3607760352997
v -101.22708475113242 50.781058956919 228.69200103529968
v -104.56463475113243 50.781058956919 232.0295520352997
v -106.23341475113243 43.701058956919 230.3607760352997
v -106.23341475113243 48.421068956919 230.3607760352997
v -104.56463475113243 41.341068956919 232.0295520352997
v -102.89585475113243 43.701058956919 227.0232250352997
v -102.89585475113243 48.421068956919 227.0232250352997
v -101.22708475113242 41.341068956919 228.69200103529968
v -99.55830475113243 41.341068956919 230.3607760352997
v -99.55833475113243 61.445008956919 224.1983010352997
v -95.55833475113243 66.13249895691901 227.1983070352997
v -99.55833475113243 61.445008956919 248.1983210352997
v -95.55833475113243 66.13249895691901 245.1983090352997
v -99.55833475113243 39.325008956919 224.1983010352997
v -99.55833475113243 39.325008956919 248.1983210352997
v -98.09384475113244 35.789468956919 224.80491103529968
v -98.09384475113244 35.789468956919 247.5917010352997
v -93.48723775113243 35.789468956919 220.1983010352997
v -95.55833475113243 39.325008956919 220.1983010352997
v -95.55833475113243 61.445008956919 220.1983010352997
v -71.55832475113243 61.445008956919 220.1983010352997
v -92.55833075113243 66.13249895691901 224.1983010352997
v -74.55832775113242 66.13249895691901 224.1983010352997
v -71.55832475113243 66.13249895691901 245.1983090352997
v -74.55832775113242 66.13249895691901 248.1983210352997
v -71.55832475113243 66.13249895691901 227.1983070352997
v -92.55833075113243 66.13249895691901 248.1983210352997
v -67.55832475113243 61.445008956919 224.1983010352997
v -67.55832475113243 61.445008956919 248.1983210352997
v -95.55833475113243 61.445008956919 252.1983110352997
v -71.55832475113243 61.445008956919 252.1983110352997
v -69.02281475113243 35.789468956919 247.5917010352997
v -69.02281475113243 35.789468956919 224.80491103529968
v -72.55830475113243 34.324978956919 246.12721703529968
v -72.55830475113243 34.324978956919 226.26935103529968
v -67.55832475113243 39.325008956919 224.1983010352997
v -67.55832475113243 39.325008956919 248.1983210352997
v -73.62937475113243 35.789468956919 220.1983010352997
v -78.62940275113243 34.324978956919 220.1983010352997
v -78.62940275113243 34.324978956919 252.1983110352997
v -88.48725575113244 34.324978956919 252.1983110352997
v -88.48725575113244 34.324978956919 220.1983010352997
v -94.55830475113243 34.324978956919 246.12721703529968
v -94.55830475113243 34.324978956919 226.26935103529968
v -71.55832475113243 39.325008956919 220.1983010352997
v -73.62937475113243 35.789468956919 252.1983110352997
v -71.55832475113243 39.325008956919 252.1983110352997
v -93.48723775113243 35.789468956919 252.1983110352997
v -95.55833475113243 39.325008956919 252.1983110352997
# 463 vertices
vt 0.96875 0.07499999999999996
vt 0.96875 0.17500000000000004
vt 0.96875 0.07499999999999996
vt 0.96875 0.17500000000000004
vt 0.96875 0.07499999999999996
vt 0.96875 0.17500000000000004
vt 0.96875 0.17500000000000004
vt 0.96875 0.07499999999999996
vt 0.96875 0.17500000000000004
vt 0.96875 0.07499999999999996
vt 0.96875 0.17500000000000004
vt 0.96875 0.07499999999999996
vt 0.96875 0.07499999999999996
vt 0.96875 0.07499999999999996
vt 0.96875 0.17500000000000004
vt 0.96875 0.17500000000000004
vt 0.96875 0.17500000000000004
vt 0.96875 0.07499999999999996
vt 0.96875 0.07499999999999996
vt 0.96875 0.07499999999999996
vt 0.96875 0.17500000000000004
vt 0.96875 0.17500000000000004
vt 0.96875 0.17500000000000004
vt 0.96875 0.07499999999999996
vt 0.96875 0.17500000000000004
vt 0.96875 0.17500000000000004
vt 0.96875 0.17500000000000004
vt 0.96875 0.17500000000000004
vt 0.96875 0.17500000000000004
vt 0.96875 0.17500000000000004
vt 0.96875 0.17500000000000004
vt 0.96875 0.17500000000000004
vt 0.96875 0.17500000000000004
vt 0.96875 0.17500000000000004
vt 0.96875 0.17500000000000004
vt 0.96875 0.17500000000000004
vt 0.96875 0.17500000000000004
vt 0.96875 0.17500000000000004
vt 0.96875 0.17500000000000004
vt 0.96875 0.17500000000000004
vt 0.96875 0.17500000000000004
vt 0.96875 0.17500000000000004
vt 0.96875 0.07499999999999996
vt 0.96875 0.17500000000000004
vt 0.96875 0.07499999999999996
vt 0.96875 0.17500000000000004
vt 0.96875 0.07499999999999996
vt 0.96875 0.17500000000000004
vt 0.96875 0.07499999999999996
vt 0.96875 0.17500000000000004
vt 0.96875 0.07499999999999996
vt 0.96875 0.17500000000000004
vt 0.96875 0.07499999999999996
vt 0.96875 0.17500000000000004
vt 0.96875 0.17500000000000004
vt 0.96875 0.07499999999999996
vt 0.96875 0.17500000000000004
vt 0.96875 0.07499999999999996
vt 0.96875 0.17500000000000004
vt 0.96875 0.07499999999999996
vt 0.96875 0.17500000000000004
vt 0.96875 0.07499999999999996
vt 0.96875 0.17500000000000004
vt 0.96875 0.07499999999999996
vt 0.96875 0.17500000000000004
vt 0.96875 0.07499999999999996
vt 0.96875 0.11675930000000001
vt 0.96875 0.08352238999999995
vt 0.96875 0.12528169999999994
vt 0.96875 0.07499999999999996
vt 0.96875 0.12528169999999994
vt 0.96875 0.08352238999999995
vt 0.96875 0.12528169999999994
vt 0.96875 0.12528169999999994
vt 0.96875 0.07499999999999996
vt 0.96875 0.07499999999999996
vt 0.96875 0.12528169999999994
vt 0.96875 0.07499999999999996
vt 0.96875 0.11675930000000001
vt 0.96875 0.12528169999999994
vt 0.96875 0.07499999999999996
vt 0.96875 0.08352238999999995
vt 0.96875 0.11675930000000001
vt 0.96875 0.07499999999999996
vt 0.96875 0.13741650000000005
vt 0.96875 0.16732990000000003
vt 0.96875 0.12974640000000004
vt 0.96875 0.17500000000000004
vt 0.96875 0.12974640000000004
vt 0.96875 0.16732990000000003
vt 0.96875 0.12974640000000004
vt 0.96875 0.12974640000000004
vt 0.96875 0.17500000000000004
vt 0.96875 0.17500000000000004
vt 0.96875 0.12974640000000004
vt 0.96875 0.17500000000000004
vt 0.96875 0.13741650000000005
vt 0.96875 0.12974640000000004
vt 0.96875 0.17500000000000004
vt 0.96875 0.16732990000000003
vt 0.96875 0.13741650000000005
vt 0.96875 0.17500000000000004
vt 0.96875 0.12528169999999994
vt 0.96875 0.12528169999999994
vt 0.96875 0.17500000000000004
vt 0.96875 0.17500000000000004
vt 0.96875 0.17500000000000004
vt 0.96875 0.12528169999999994
vt 0.96875 0.07499999999999996
vt 0.96875 0.12974640000000004
vt 0.96875 0.08352238999999995
vt 0.96875 0.13741650000000005
vt 0.96875 0.08352238999999995
vt 0.96875 0.12974640000000004
vt 0.96875 0.13741650000000005
vt 0.96875 0.16732990000000003
vt 0.96875 0.08352238999999995
vt 0.96875 0.11675930000000001
vt 0.96875 0.08352238999999995
vt 0.96875 0.16732990000000003
vt 0.96875 0.13741650000000005
vt 0.96875 0.08352238999999995
vt 0.96875 0.16732990000000003
vt 0.96875 0.11675930000000001
vt 0.96875 0.16732990000000003
vt 0.96875 0.08352238999999995
vt 0.96875 0.16732990000000003
vt 0.96875 0.17500000000000004
vt 0.96875 0.11675930000000001
vt 0.96875 0.12528169999999994
vt 0.96875 0.11675930000000001
vt 0.96875 0.17500000000000004
vt 0.96875 0.07499999999999996
vt 0.96875 0.08352238999999995
vt 0.96875 0.12974640000000004
vt 0.96875 0.13741650000000005
vt 0.96875 0.12974640000000004
vt 0.96875 0.08352238999999995
vt 0.96875 0.07499999999999996
vt 0.96875 0.07499999999999996
vt 0.96875 0.12974640000000004
vt 0.96875 0.12974640000000004
vt 0.96875 0.12974640000000004
vt 0.96875 0.07499999999999996
vt 0.96875 0.16732990000000003
vt 0.96875 0.11675930000000001
vt 0.96875 0.17500000000000004
vt 0.96875 0.12528169999999994
vt 0.96875 0.17500000000000004
vt 0.96875 0.11675930000000001
vt 0.96875 0.17500000000000004
vt 0.96875 0.17500000000000004
vt 0.96875 0.17500000000000004
vt 0.96875 0.17500000000000004
vt 0.96875 0.17500000000000004
vt 0.96875 0.17500000000000004
vt 0.96875 0.17500000000000004
vt 0.96875 0.17500000000000004
vt 0.96875 0.17500000000000004
vt 0.96875 0.17500000000000004
vt 0.96875 0.17500000000000004
vt 0.96875 0.17500000000000004
vt 0.96875 0.17500000000000004
vt 0.96875 0.17500000000000004
vt 0.96875 0.17500000000000004
vt 0.96875 0.17500000000000004
vt 0.96875 0.17500000000000004
vt 0.96875 0.17500000000000004
vt 0.96875 0.07499999999999996
vt 0.96875 0.07499999999999996
vt 0.96875 0.17500000000000004
vt 0.96875 0.17500000000000004
vt 0.96875 0.17500000000000004
vt 0.96875 0.07499999999999996
vt 0.96875 0.17500000000000004
vt 0.96875 0.07499999999999996
vt 0.96875 0.17500000000000004
vt 0.96875 0.07499999999999996
vt 0.96875 0.17500000000000004
vt 0.96875 0.07499999999999996
vt 0.96875 0.17500000000000004
vt 0.96875 0.07499999999999996
vt 0.96875 0.17500000000000004
vt 0.96875 0.07499999999999996
vt 0.96875 0.17500000000000004
vt 0.96875 0.07499999999999996
vt 0.96875 0.07499999999999996
vt 0.96875 0.17500000000000004
vt 0.96875 0.07499999999999996
vt 0.96875 0.17500000000000004
vt 0.96875 0.07499999999999996
vt 0.96875 0.17500000000000004
vt 0.96875 0.07499999999999996
vt 0.96875 0.17500000000000004
vt 0.96875 0.07499999999999996
vt 0.96875 0.17500000000000004
vt 0.96875 0.07499999999999996
vt 0.96875 0.17500000000000004
vt 0.96875 0.17500000000000004
vt 0.96875 0.07499999999999996
vt 0.96875 0.17500000000000004
vt 0.96875 0.07499999999999996
vt 0.96875 0.17500000000000004
vt 0.96875 0.07499999999999996
vt 0.96875 0.07499999999999996
vt 0.96875 0.17500000000000004
vt 0.96875 0.07499999999999996
vt 0.96875 0.17500000000000004
vt 0.96875 0.07499999999999996
vt 0.96875 0.17500000000000004
vt 0.96875 0.07499999999999996
vt 0.96875 0.07499999999999996
vt 0.96875 0.17500000000000004
vt 0.96875 0.17500000000000004
vt 0.96875 0.17500000000000004
vt 0.96875 0.07499999999999996
vt 0.96875 0.13741650000000005
vt 0.96875 0.16732990000000003
vt 0.96875 0.12974640000000004
vt 0.96875 0.17500000000000004
vt 0.96875 0.12974640000000004
vt 0.96875 0.16732990000000003
vt 0.96875 0.12974640000000004
vt 0.96875 0.12974640000000004
vt 0.96875 0.17500000000000004
vt 0.96875 0.17500000000000004
vt 0.96875 0.12974640000000004
vt 0.96875 0.17500000000000004
vt 0.96875 0.13741650000000005
vt 0.96875 0.12974640000000004
vt 0.96875 0.17500000000000004
vt 0.96875 0.16732990000000003
vt 0.96875 0.13741650000000005
vt 0.96875 0.17500000000000004
vt 0.96875 0.11675930000000001
vt 0.96875 0.08352238999999995
vt 0.96875 0.12528169999999994
vt 0.96875 0.07499999999999996
vt 0.96875 0.12528169999999994
vt 0.96875 0.08352238999999995
vt 0.96875 0.12528169999999994
vt 0.96875 0.12528169999999994
vt 0.96875 0.07499999999999996
vt 0.96875 0.07499999999999996
vt 0.96875 0.12528169999999994
vt 0.96875 0.07499999999999996
vt 0.96875 0.11675930000000001
vt 0.96875 0.12528169999999994
vt 0.96875 0.07499999999999996
vt 0.96875 0.08352238999999995
vt 0.96875 0.11675930000000001
vt 0.96875 0.07499999999999996
vt 0.96875 0.16732990000000003
vt 0.96875 0.11675930000000001
vt 0.96875 0.17500000000000004
vt 0.96875 0.12528169999999994
vt 0.96875 0.17500000000000004
vt 0.96875 0.11675930000000001
vt 0.96875 0.07499999999999996
vt 0.96875 0.12974640000000004
vt 0.96875 0.08352238999999995
vt 0.96875 0.13741650000000005
vt 0.96875 0.08352238999999995
vt 0.96875 0.12974640000000004
vt 0.96875 0.07499999999999996
vt 0.96875 0.08352238999999995
vt 0.96875 0.12974640000000004
vt 0.96875 0.13741650000000005
vt 0.96875 0.12974640000000004
vt 0.96875 0.08352238999999995
vt 0.96875 0.07499999999999996
vt 0.96875 0.07499999999999996
vt 0.96875 0.12974640000000004
vt 0.96875 0.12974640000000004
vt 0.96875 0.12974640000000004
vt 0.96875 0.07499999999999996
vt 0.96875 0.12528169999999994
vt 0.96875 0.12528169999999994
vt 0.96875 0.17500000000000004
vt 0.96875 0.17500000000000004
vt 0.96875 0.17500000000000004
vt 0.96875 0.12528169999999994
vt 0.96875 0.13741650000000005
vt 0.96875 0.08352238999999995
vt 0.96875 0.16732990000000003
vt 0.96875 0.11675930000000001
vt 0.96875 0.16732990000000003
vt 0.96875 0.08352238999999995
vt 0.96875 0.16732990000000003
vt 0.96875 0.17500000000000004
vt 0.96875 0.11675930000000001
vt 0.96875 0.12528169999999994
vt 0.96875 0.11675930000000001
vt 0.96875 0.17500000000000004
vt 0.96875 0.13741650000000005
vt 0.96875 0.16732990000000003
vt 0.96875 0.08352238999999995
vt 0.96875 0.11675930000000001
vt 0.96875 0.08352238999999995
vt 0.96875 0.16732990000000003
vt 0.96875 0.22499999999999998
vt 0.96875 0.22499999999999998
vt 0.96875 0.22499999999999998
vt 0.96875 0.22499999999999998
vt 0.96875 0.22499999999999998
vt 0.96875 0.22499999999999998
vt 0.96875 0.056055999999999995
vt 0.96875 0.02500013000000001
vt 0.96875 0.056055999999999995
vt 0.96875 0.02500013000000001
vt 0.96875 0.056055999999999995
vt 0.96875 0.02500013000000001
vt 0.96875 0.22499999999999998
vt 0.96875 0.22499999999999998
vt 0.96875 0.19394409999999995
vt 0.96875 0.19394409999999995
vt 0.96875 0.19394409999999995
vt 0.96875 0.22499999999999998
vt 0.96875 0.056055999999999995
vt 0.96875 0.02500013000000001
vt 0.96875 0.19394409999999995
vt 0.96875 0.22499999999999998
vt 0.96875 0.19394409999999995
vt 0.96875 0.02500013000000001
vt 0.96875 0.02500013000000001
vt 0.96875 0.22499999999999998
vt 0.96875 0.02500013000000001
vt 0.96875 0.22499999999999998
vt 0.96875 0.22499999999999998
vt 0.96875 0.02500013000000001
vt 0.96875 0.19394409999999995
vt 0.96875 0.22499999999999998
vt 0.96875 0.02500013000000001
vt 0.96875 0.056055999999999995
vt 0.96875 0.19394409999999995
vt 0.96875 0.02500013000000001
vt 0.96875 0.056055999999999995
vt 0.96875 0.19394409999999995
vt 0.96875 0.02500013000000001
vt 0.96875 0.22499999999999998
vt 0.96875 0.02500013000000001
vt 0.96875 0.19394409999999995
vt 0.96875 0.02500013000000001
vt 0.96875 0.02500013000000001
vt 0.96875 0.22499999999999998
vt 0.96875 0.22499999999999998
vt 0.96875 0.02500013000000001
vt 0.96875 0.22499999999999998
vt 0.96875 0.056055999999999995
vt 0.96875 0.02500013000000001
vt 0.96875 0.22499999999999998
vt 0.96875 0.19394409999999995
vt 0.96875 0.056055999999999995
vt 0.96875 0.22499999999999998
vt 0.96875 0.02500013000000001
vt 0.96875 0.056055999999999995
vt 0.96875 0.02500013000000001
vt 0.96875 0.056055999999999995
vt 0.96875 0.02500013000000001
vt 0.96875 0.056055999999999995
vt 0.96875 0.056055999999999995
vt 0.96875 0.19394409999999995
vt 0.96875 0.056055999999999995
vt 0.96875 0.19394409999999995
vt 0.96875 0.056055999999999995
vt 0.96875 0.19394409999999995
vt 0.96875 0.19394409999999995
vt 0.96875 0.19394409999999995
vt 0.96875 0.22499999999999998
vt 0.96875 0.22499999999999998
vt 0.96875 0.22499999999999998
vt 0.96875 0.19394409999999995
vt 0.96875 0.056055999999999995
vt 0.96875 0.19394409999999995
vt 0.96875 0.056055999999999995
vt 0.96875 0.19394409999999995
vt 0.96875 0.056055999999999995
vt 0.96875 0.19394409999999995
vt 0.96875 0.02500013000000001
vt 0.96875 0.02500013000000001
vt 0.96875 0.02500013000000001
vt 0.96875 0.02500013000000001
vt 0.96875 0.02500013000000001
vt 0.96875 0.02500013000000001
vt 0.96875 0.02500013000000001
vt 0.96875 0.02500013000000001
vt 0.96875 0.056055999999999995
vt 0.96875 0.056055999999999995
vt 0.96875 0.056055999999999995
vt 0.96875 0.02500013000000001
vt 0.96875 0.056055999999999995
vt 0.96875 0.02500013000000001
vt 0.96875 0.19394409999999995
vt 0.96875 0.22499999999999998
vt 0.96875 0.19394409999999995
vt 0.96875 0.02500013000000001
vt 0.96875 0.02500013000000001
vt 0.96875 0.22499999999999998
vt 0.96875 0.02500013000000001
vt 0.96875 0.22499999999999998
vt 0.96875 0.22499999999999998
vt 0.96875 0.02500013000000001
vt 0.96875 0.056055999999999995
vt 0.96875 0.22499999999999998
vt 0.96875 0.02500013000000001
vt 0.96875 0.19394409999999995
vt 0.96875 0.22499999999999998
vt 0.96875 0.056055999999999995
vt 0.96875 0.056055999999999995
vt 0.96875 0.056055999999999995
vt 0.96875 0.19394409999999995
vt 0.96875 0.19394409999999995
vt 0.96875 0.19394409999999995
vt 0.96875 0.056055999999999995
vt 0.96875 0.22499999999999998
vt 0.96875 0.19394409999999995
vt 0.96875 0.22499999999999998
vt 0.96875 0.19394409999999995
vt 0.96875 0.22499999999999998
vt 0.96875 0.19394409999999995
vt 0.96875 0.19394409999999995
vt 0.96875 0.22499999999999998
vt 0.96875 0.19394409999999995
vt 0.96875 0.22499999999999998
vt 0.96875 0.19394409999999995
vt 0.96875 0.22499999999999998
vt 0.96875 0.056055999999999995
vt 0.96875 0.19394409999999995
vt 0.96875 0.02500013000000001
vt 0.96875 0.22499999999999998
vt 0.96875 0.02500013000000001
vt 0.96875 0.19394409999999995
vt 0.96875 0.02500013000000001
vt 0.96875 0.02500013000000001
vt 0.96875 0.22499999999999998
vt 0.96875 0.22499999999999998
vt 0.96875 0.02500013000000001
vt 0.96875 0.22499999999999998
vt 0.96875 0.056055999999999995
vt 0.96875 0.02500013000000001
vt 0.96875 0.22499999999999998
vt 0.96875 0.19394409999999995
vt 0.96875 0.056055999999999995
vt 0.96875 0.22499999999999998
vt 0.96875 0.056055999999999995
vt 0.96875 0.056055999999999995
vt 0.96875 0.19394409999999995
vt 0.96875 0.19394409999999995
vt 0.96875 0.19394409999999995
vt 0.96875 0.056055999999999995
vt 0.96875 0.22499999999999998
vt 0.96875 0.22499999999999998
vt 0.96875 0.22499999999999998
vt 0.96875 0.22499999999999998
vt 0.96875 0.22499999999999998
vt 0.96875 0.22499999999999998
vt 0.96875 0.056055999999999995
vt 0.96875 0.056055999999999995
vt 0.96875 0.02500013000000001
vt 0.96875 0.02500013000000001
vt 0.96875 0.02500013000000001
vt 0.96875 0.056055999999999995
vt 0.96875 0.02500013000000001
vt 0.96875 0.02500013000000001
vt 0.96875 0.02500013000000001
vt 0.96875 0.02500013000000001
vt 0.96875 0.02500013000000001
vt 0.96875 0.02500013000000001
vt 0.71875 0.17500000000000004
vt 0.71875 0.12193889999999996
vt 0.71875 0.12193889999999996
vt 0.71875 0.17500000000000004
vt 0.71875 0.12193889999999996
vt 0.71875 0.12193889999999996
vt 0.71875 0.12193889999999996
vt 0.71875 0.17500000000000004
vt 0.71875 0.12193889999999996
vt 0.71875 0.12193889999999996
vt 0.71875 0.12193889999999996
vt 0.71875 0.17500000000000004
vt 0.71875 0.12193889999999996
vt 0.71875 0.12193889999999996
vt 0.71875 0.17500000000000004
vt 0.71875 0.17500000000000004
vt 0.71875 0.12193889999999996
vt 0.71875 0.12193889999999996
vt 0.71875 0.12193889999999996
vt 0.71875 0.12193889999999996
vt 0.71875 0.17500000000000004
vt 0.71875 0.07500015999999998
vt 0.71875 0.07500015999999998
vt 0.71875 0.12193889999999996
vt 0.71875 0.12193889999999996
vt 0.71875 0.12193889999999996
vt 0.71875 0.07500015999999998
vt 0.71875 0.12193889999999996
vt 0.71875 0.12193889999999996
vt 0.71875 0.17500000000000004
vt 0.71875 0.17500000000000004
vt 0.71875 0.17500000000000004
vt 0.71875 0.12193889999999996
vt 0.71875 0.17500000000000004
vt 0.71875 0.17500000000000004
vt 0.71875 0.12193889999999996
vt 0.71875 0.12193889999999996
vt 0.71875 0.12193889999999996
vt 0.71875 0.17500000000000004
vt 0.71875 0.07500015999999998
vt 0.71875 0.12193889999999996
vt 0.71875 0.07500015999999998
vt 0.71875 0.12193889999999996
vt 0.71875 0.07500015999999998
vt 0.71875 0.12193889999999996
vt 0.71875 0.07500015999999998
vt 0.71875 0.07500015999999998
vt 0.71875 0.12193889999999996
vt 0.71875 0.12193889999999996
vt 0.71875 0.12193889999999996
vt 0.71875 0.07500015999999998
vt 0.71875 0.07500015999999998
vt 0.71875 0.07500015999999998
vt 0.71875 0.12193889999999996
vt 0.71875 0.12193889999999996
vt 0.71875 0.12193889999999996
vt 0.71875 0.07500015999999998
vt 0.71875 0.07500015999999998
vt 0.71875 0.07500015999999998
vt 0.71875 0.12193889999999996
vt 0.71875 0.12193889999999996
vt 0.71875 0.12193889999999996
vt 0.71875 0.07500015999999998
vt 0.71875 0.07500015999999998
vt 0.71875 0.07500015999999998
vt 0.71875 0.12193889999999996
vt 0.71875 0.12193889999999996
vt 0.71875 0.12193889999999996
vt 0.71875 0.07500015999999998
vt 0.71875 0.12193889999999996
vt 0.71875 0.07500015999999998
vt 0.71875 0.12193889999999996
vt 0.71875 0.07500015999999998
vt 0.71875 0.12193889999999996
vt 0.71875 0.07500015999999998
vt 0.71875 0.07500015999999998
vt 0.71875 0.12193889999999996
vt 0.71875 0.07500015999999998
vt 0.71875 0.12193889999999996
vt 0.71875 0.07500015999999998
vt 0.71875 0.12193889999999996
vt 0.71875 0.12193889999999996
vt 0.71875 0.07500015999999998
vt 0.71875 0.12193889999999996
vt 0.71875 0.07500015999999998
vt 0.71875 0.12193889999999996
vt 0.71875 0.07500015999999998
vt 0.71875 0.12193889999999996
vt 0.71875 0.12193889999999996
vt 0.71875 0.17500000000000004
vt 0.71875 0.12193889999999996
vt 0.71875 0.17500000000000004
vt 0.71875 0.12193889999999996
vt 0.71875 0.12193889999999996
vt 0.71875 0.12193889999999996
vt 0.71875 0.17500000000000004
vt 0.71875 0.12193889999999996
vt 0.71875 0.12193889999999996
vt 0.71875 0.17500000000000004
vt 0.71875 0.17500000000000004
vt 0.71875 0.12193889999999996
vt 0.71875 0.12193889999999996
vt 0.71875 0.17500000000000004
vt 0.71875 0.12193889999999996
vt 0.71875 0.12193889999999996
vt 0.71875 0.17500000000000004
vt 0.71875 0.12193889999999996
vt 0.71875 0.12193889999999996
vt 0.71875 0.07500015999999998
vt 0.71875 0.07500015999999998
vt 0.71875 0.12193889999999996
vt 0.71875 0.12193889999999996
vt 0.71875 0.12193889999999996
vt 0.71875 0.07500015999999998
vt 0.71875 0.12193889999999996
vt 0.71875 0.07500015999999998
vt 0.71875 0.12193889999999996
vt 0.71875 0.07500015999999998
vt 0.71875 0.12193889999999996
vt 0.71875 0.07500015999999998
vt 0.71875 0.07500015999999998
vt 0.71875 0.07500015999999998
vt 0.71875 0.12193889999999996
vt 0.71875 0.12193889999999996
vt 0.71875 0.12193889999999996
vt 0.71875 0.07500015999999998
vt 0.71875 0.07500015999999998
vt 0.71875 0.12193889999999996
vt 0.71875 0.07500015999999998
vt 0.71875 0.12193889999999996
vt 0.71875 0.07500015999999998
vt 0.71875 0.12193889999999996
vt 0.71875 0.07500015999999998
vt 0.71875 0.07500015999999998
vt 0.71875 0.12193889999999996
vt 0.71875 0.12193889999999996
vt 0.71875 0.12193889999999996
vt 0.71875 0.07500015999999998
vt 0.71875 0.07500015999999998
vt 0.71875 0.12193889999999996
vt 0.71875 0.07500015999999998
vt 0.71875 0.12193889999999996
vt 0.71875 0.07500015999999998
vt 0.71875 0.12193889999999996
vt 0.71875 0.12193889999999996
vt 0.71875 0.07500015999999998
vt 0.71875 0.12193889999999996
vt 0.71875 0.07500015999999998
vt 0.71875 0.12193889999999996
vt 0.71875 0.07500015999999998
vt 0.71875 0.07500015999999998
vt 0.71875 0.07500015999999998
vt 0.71875 0.12193889999999996
vt 0.71875 0.12193889999999996
vt 0.71875 0.12193889999999996
vt 0.71875 0.07500015999999998
vt 0.71875 0.07500015999999998
vt 0.71875 0.07500015999999998
vt 0.71875 0.12193889999999996
vt 0.71875 0.12193889999999996
vt 0.71875 0.12193889999999996
vt 0.71875 0.07500015999999998
vt 0.71875 0.12193889999999996
vt 0.71875 0.12193889999999996
vt 0.71875 0.17500000000000004
vt 0.71875 0.17500000000000004
vt 0.71875 0.17500000000000004
vt 0.71875 0.12193889999999996
vt 0.71875 0.17500000000000004
vt 0.71875 0.17500000000000004
vt 0.71875 0.12193889999999996
vt 0.71875 0.12193889999999996
vt 0.71875 0.12193889999999996
vt 0.71875 0.17500000000000004
vt 0.71875 0.22499999999999998
vt 0.71875 0.02500060000000004
vt 0.71875 0.22499999999999998
vt 0.71875 0.02500060000000004
vt 0.71875 0.22499999999999998
vt 0.71875 0.02500060000000004
vt 0.71875 0.02500060000000004
vt 0.71875 0.02500060000000004
vt 0.71875 0.02500060000000004
vt 0.71875 0.02500060000000004
vt 0.71875 0.02500060000000004
vt 0.71875 0.02500060000000004
vt 0.71875 0.02500060000000004
vt 0.71875 0.02500060000000004
vt 0.71875 0.02500060000000004
vt 0.71875 0.02500060000000004
vt 0.71875 0.02500060000000004
vt 0.71875 0.02500060000000004
vt 0.71875 0.02500060000000004
vt 0.71875 0.02500060000000004
vt 0.71875 0.02500060000000004
vt 0.71875 0.02500060000000004
vt 0.71875 0.02500060000000004
vt 0.71875 0.02500060000000004
vt 0.71875 0.02500060000000004
vt 0.71875 0.02500060000000004
vt 0.71875 0.22499999999999998
vt 0.71875 0.22499999999999998
vt 0.71875 0.22499999999999998
vt 0.71875 0.02500060000000004
vt 0.71875 0.02500060000000004
vt 0.71875 0.22499999999999998
vt 0.71875 0.02500060000000004
vt 0.71875 0.22499999999999998
vt 0.71875 0.02500060000000004
vt 0.71875 0.22499999999999998
vt 0.71875 0.02500060000000004
vt 0.71875 0.22499999999999998
vt 0.71875 0.02500060000000004
vt 0.71875 0.22499999999999998
vt 0.71875 0.02500060000000004
vt 0.71875 0.22499999999999998
vt 0.71875 0.22499999999999998
vt 0.71875 0.22499999999999998
vt 0.71875 0.22499999999999998
vt 0.71875 0.22499999999999998
vt 0.71875 0.22499999999999998
vt 0.71875 0.22499999999999998
vt 0.71875 0.22499999999999998
vt 0.71875 0.22499999999999998
vt 0.71875 0.22499999999999998
vt 0.71875 0.22499999999999998
vt 0.71875 0.22499999999999998
vt 0.71875 0.22499999999999998
vt 0.71875 0.22499999999999998
vt 0.71875 0.22499999999999998
vt 0.71875 0.22499999999999998
vt 0.71875 0.22499999999999998
vt 0.71875 0.22499999999999998
vt 0.71875 0.22499999999999998
vt 0.71875 0.22499999999999998
vt 0.71875 0.02500060000000004
vt 0.71875 0.22499999999999998
vt 0.71875 0.02500060000000004
vt 0.71875 0.22499999999999998
vt 0.71875 0.02500060000000004
vt 0.71875 0.02500060000000004
vt 0.71875 0.02500060000000004
vt 0.71875 0.22499999999999998
vt 0.71875 0.22499999999999998
vt 0.71875 0.22499999999999998
vt 0.71875 0.02500060000000004
vt 0.71875 0.02500060000000004
vt 0.71875 0.22499999999999998
vt 0.71875 0.02500060000000004
vt 0.71875 0.22499999999999998
vt 0.71875 0.02500060000000004
vt 0.71875 0.22499999999999998
vt 0.71875 0.22499999999999998
vt 0.71875 0.02500060000000004
vt 0.71875 0.22499999999999998
vt 0.71875 0.02500060000000004
vt 0.71875 0.22499999999999998
vt 0.71875 0.02500060000000004
vt 0.71875 0.025000189999999978
vt 0.71875 0.025000189999999978
vt 0.71875 0.025000189999999978
vt 0.71875 0.025000189999999978
vt 0.71875 0.025000189999999978
vt 0.71875 0.025000189999999978
vt 0.71875 0.22499999999999998
vt 0.71875 0.22499999999999998
vt 0.71875 0.22499999999999998
vt 0.71875 0.22499999999999998
vt 0.71875 0.22499999999999998
vt 0.71875 0.22499999999999998
vt 0.71875 0.025000189999999978
vt 0.71875 0.22499999999999998
vt 0.71875 0.025000189999999978
vt 0.71875 0.22499999999999998
vt 0.71875 0.025000189999999978
vt 0.71875 0.22499999999999998
vt 0.71875 0.025000189999999978
vt 0.71875 0.025000189999999978
vt 0.71875 0.22499999999999998
vt 0.71875 0.22499999999999998
vt 0.71875 0.22499999999999998
vt 0.71875 0.025000189999999978
vt 0.71875 0.025000189999999978
vt 0.71875 0.025000189999999978
vt 0.71875 0.22499999999999998
vt 0.71875 0.22499999999999998
vt 0.71875 0.22499999999999998
vt 0.71875 0.025000189999999978
vt 0.71875 0.025000189999999978
vt 0.71875 0.025000189999999978
vt 0.71875 0.22499999999999998
vt 0.71875 0.22499999999999998
vt 0.71875 0.22499999999999998
vt 0.71875 0.025000189999999978
vt 0.71875 0.025000189999999978
vt 0.71875 0.025000189999999978
vt 0.71875 0.025000189999999978
vt 0.71875 0.025000189999999978
vt 0.71875 0.025000189999999978
vt 0.71875 0.025000189999999978
vt 0.71875 0.22499999999999998
vt 0.71875 0.22499999999999998
vt 0.71875 0.22499999999999998
vt 0.71875 0.22499999999999998
vt 0.71875 0.22499999999999998
vt 0.71875 0.22499999999999998
vt 0.71875 0.025000189999999978
vt 0.71875 0.22499999999999998
vt 0.71875 0.025000189999999978
vt 0.71875 0.22499999999999998
vt 0.71875 0.025000189999999978
vt 0.71875 0.22499999999999998
vt 0.71875 0.025000189999999978
vt 0.71875 0.025000189999999978
vt 0.71875 0.22499999999999998
vt 0.71875 0.22499999999999998
vt 0.71875 0.22499999999999998
vt 0.71875 0.025000189999999978
vt 0.71875 0.025000189999999978
vt 0.71875 0.025000189999999978
vt 0.71875 0.22499999999999998
vt 0.71875 0.22499999999999998
vt 0.71875 0.22499999999999998
vt 0.71875 0.025000189999999978
vt 0.71875 0.025000189999999978
vt 0.71875 0.025000189999999978
vt 0.71875 0.22499999999999998
vt 0.71875 0.22499999999999998
vt 0.71875 0.22499999999999998
vt 0.71875 0.025000189999999978
vt 0.71875 0.1876833
vt 0.71875 0.16913849999999997
vt 0.71875 0.22499999999999998
vt 0.71875 0.025000000000000022
vt 0.71875 0.025000000000000022
vt 0.71875 0.025000000000000022
vt 0.71875 0.1876833
vt 0.71875 0.22499999999999998
vt 0.71875 0.16913849999999997
vt 0.71875 0.025000000000000022
vt 0.71875 0.025000000000000022
vt 0.71875 0.025000000000000022
vt 0.71875 0.025000000000000022
vt 0.71875 0.025000000000000022
vt 0.71875 0.025000000000000022
vt 0.71875 0.025000000000000022
vt 0.71875 0.025000000000000022
vt 0.71875 0.025000000000000022
vt 0.71875 0.025000000000000022
vt 0.71875 0.025000000000000022
vt 0.71875 0.025000000000000022
vt 0.71875 0.025000000000000022
vt 0.71875 0.025000000000000022
vt 0.71875 0.025000000000000022
vt 0.71875 0.22499999999999998
vt 0.71875 0.22499999999999998
vt 0.71875 0.1876833
vt 0.71875 0.1876833
vt 0.71875 0.1876833
vt 0.71875 0.22499999999999998
vt 0.71875 0.025000000000000022
vt 0.71875 0.025000000000000022
vt 0.71875 0.1876833
vt 0.71875 0.1876833
vt 0.71875 0.1876833
vt 0.71875 0.025000000000000022
vt 0.71875 0.025000000000000022
vt 0.71875 0.025000000000000022
vt 0.71875 0.025000000000000022
vt 0.71875 0.025000000000000022
vt 0.71875 0.025000000000000022
vt 0.71875 0.025000000000000022
vt 0.71875 0.025000000000000022
vt 0.71875 0.1876833
vt 0.71875 0.025000000000000022
vt 0.71875 0.16913849999999997
vt 0.71875 0.025000000000000022
vt 0.71875 0.1876833
vt 0.71875 0.025000000000000022
vt 0.71875 0.025000000000000022
vt 0.71875 0.1876833
vt 0.71875 0.16913849999999997
vt 0.71875 0.1876833
vt 0.71875 0.025000000000000022
vt 0.71875 0.1876833
vt 0.71875 0.1876833
vt 0.71875 0.22499999999999998
vt 0.71875 0.22499999999999998
vt 0.71875 0.22499999999999998
vt 0.71875 0.1876833
vt 0.71875 0.025000000000000022
vt 0.71875 0.1876833
vt 0.71875 0.025000000000000022
vt 0.71875 0.1876833
vt 0.71875 0.025000000000000022
vt 0.71875 0.1876833
vt 0.71875 0.22499999999999998
vt 0.71875 0.22499999999999998
vt 0.71875 0.22499999999999998
vt 0.71875 0.22499999999999998
vt 0.71875 0.22499999999999998
vt 0.71875 0.22499999999999998
vt 0.71875 0.025000000000000022
vt 0.71875 0.16913849999999997
vt 0.71875 0.025000000000000022
vt 0.71875 0.16913849999999997
vt 0.71875 0.025000000000000022
vt 0.71875 0.16913849999999997
vt 0.71875 0.22499999999999998
vt 0.71875 0.16913849999999997
vt 0.71875 0.22499999999999998
vt 0.71875 0.16913849999999997
vt 0.71875 0.22499999999999998
vt 0.71875 0.16913849999999997
vt 0.71875 0.025000000000000022
vt 0.71875 0.025000000000000022
vt 0.71875 0.025000000000000022
vt 0.71875 0.025000000000000022
vt 0.71875 0.025000000000000022
vt 0.71875 0.025000000000000022
vt 0.71875 0.16913920000000005
vt 0.71875 0.18768380000000007
vt 0.71875 0.22499999999999998
vt 0.71875 0.025000000000000022
vt 0.71875 0.025000000000000022
vt 0.71875 0.025000000000000022
vt 0.71875 0.22499999999999998
vt 0.71875 0.18768380000000007
vt 0.71875 0.16913920000000005
vt 0.71875 0.025000000000000022
vt 0.71875 0.025000000000000022
vt 0.71875 0.025000000000000022
vt 0.71875 0.025000000000000022
vt 0.71875 0.18768380000000007
vt 0.71875 0.025000000000000022
vt 0.71875 0.18768380000000007
vt 0.71875 0.025000000000000022
vt 0.71875 0.18768380000000007
vt 0.71875 0.025000000000000022
vt 0.71875 0.025000000000000022
vt 0.71875 0.025000000000000022
vt 0.71875 0.025000000000000022
vt 0.71875 0.025000000000000022
vt 0.71875 0.025000000000000022
vt 0.71875 0.025000000000000022
vt 0.71875 0.025000000000000022
vt 0.71875 0.18768380000000007
vt 0.71875 0.16913920000000005
vt 0.71875 0.18768380000000007
vt 0.71875 0.025000000000000022
vt 0.71875 0.025000000000000022
vt 0.71875 0.18768380000000007
vt 0.71875 0.025000000000000022
vt 0.71875 0.16913920000000005
vt 0.71875 0.025000000000000022
vt 0.71875 0.18768380000000007
vt 0.71875 0.22499999999999998
vt 0.71875 0.18768380000000007
vt 0.71875 0.22499999999999998
vt 0.71875 0.18768380000000007
vt 0.71875 0.22499999999999998
vt 0.71875 0.18768380000000007
vt 0.71875 0.16913920000000005
vt 0.71875 0.16913920000000005
vt 0.71875 0.22499999999999998
vt 0.71875 0.22499999999999998
vt 0.71875 0.22499999999999998
vt 0.71875 0.16913920000000005
vt 0.71875 0.18768380000000007
vt 0.71875 0.22499999999999998
vt 0.71875 0.18768380000000007
vt 0.71875 0.22499999999999998
vt 0.71875 0.18768380000000007
vt 0.71875 0.22499999999999998
vt 0.71875 0.025000000000000022
vt 0.71875 0.025000000000000022
vt 0.71875 0.18768380000000007
vt 0.71875 0.18768380000000007
vt 0.71875 0.18768380000000007
vt 0.71875 0.025000000000000022
vt 0.71875 0.025000000000000022
vt 0.71875 0.025000000000000022
vt 0.71875 0.025000000000000022
vt 0.71875 0.025000000000000022
vt 0.71875 0.025000000000000022
vt 0.71875 0.025000000000000022
vt 0.71875 0.025000000000000022
vt 0.71875 0.025000000000000022
vt 0.71875 0.025000000000000022
vt 0.71875 0.025000000000000022
vt 0.71875 0.025000000000000022
vt 0.71875 0.025000000000000022
vt 0.71875 0.025000000000000022
vt 0.71875 0.025000000000000022
vt 0.71875 0.16913920000000005
vt 0.71875 0.16913920000000005
vt 0.71875 0.16913920000000005
vt 0.71875 0.025000000000000022
vt 0.71875 0.025000000000000022
vt 0.71875 0.025000000000000022
vt 0.71875 0.025000000000000022
vt 0.71875 0.025000000000000022
vt 0.71875 0.025000000000000022
vt 0.71875 0.025000000000000022
vt 0.71875 0.22499999999999998
vt 0.71875 0.22499999999999998
vt 0.71875 0.22499999999999998
vt 0.71875 0.22499999999999998
vt 0.71875 0.22499999999999998
vt 0.71875 0.22499999999999998
vt 0.21875 0.07500034
vt 0.21875 0.07500034
vt 0.21875 0.07500034
vt 0.21875 0.07500034
vt 0.21875 0.07500034
vt 0.21875 0.07500034
vt 0.21875 0.07500034
vt 0.21875 0.07500034
vt 0.21875 0.07500034
vt 0.21875 0.07500034
vt 0.21875 0.07500034
vt 0.21875 0.07500034
vt 0.21875 0.07500034
vt 0.21875 0.07500034
vt 0.21875 0.07500034
vt 0.21875 0.07500034
vt 0.21875 0.07500034
vt 0.21875 0.07500034
vt 0.21875 0.07500034
vt 0.21875 0.07500034
vt 0.21875 0.07500034
vt 0.21875 0.07500034
vt 0.21875 0.07500034
vt 0.21875 0.17500000000000004
vt 0.21875 0.17500000000000004
vt 0.21875 0.17500000000000004
vt 0.21875 0.07500034
vt 0.21875 0.07500034
vt 0.21875 0.07500034
vt 0.21875 0.17500000000000004
vt 0.21875 0.17500000000000004
vt 0.21875 0.17500000000000004
vt 0.21875 0.07500034
vt 0.21875 0.17500000000000004
vt 0.21875 0.07500034
vt 0.21875 0.17500000000000004
vt 0.21875 0.07500034
vt 0.21875 0.17500000000000004
vt 0.21875 0.07500034
vt 0.21875 0.07500034
vt 0.21875 0.07500034
vt 0.21875 0.17500000000000004
vt 0.21875 0.17500000000000004
vt 0.21875 0.17500000000000004
vt 0.21875 0.07500034
vt 0.21875 0.07500034
vt 0.21875 0.07500034
vt 0.21875 0.17500000000000004
vt 0.21875 0.17500000000000004
vt 0.21875 0.17500000000000004
vt 0.21875 0.07500034
vt 0.21875 0.17500000000000004
vt 0.21875 0.17500000000000004
vt 0.21875 0.07500034
vt 0.21875 0.07500034
vt 0.21875 0.07500034
vt 0.21875 0.17500000000000004
vt 0.21875 0.07500034
vt 0.21875 0.17500000000000004
vt 0.21875 0.07500034
vt 0.21875 0.17500000000000004
vt 0.21875 0.07500034
vt 0.21875 0.17500000000000004
vt 0.21875 0.07500034
vt 0.21875 0.07500034
vt 0.21875 0.17500000000000004
vt 0.21875 0.17500000000000004
vt 0.21875 0.17500000000000004
vt 0.21875 0.07500034
vt 0.21875 0.07500034
vt 0.21875 0.07500034
vt 0.21875 0.17500000000000004
vt 0.21875 0.17500000000000004
vt 0.21875 0.17500000000000004
vt 0.21875 0.07500034
vt 0.21875 0.07500034
vt 0.21875 0.07500034
vt 0.21875 0.07500034
vt 0.21875 0.07500034
vt 0.21875 0.07500034
vt 0.21875 0.07500034
vt 0.21875 0.07500034
vt 0.21875 0.07500034
vt 0.21875 0.07500034
vt 0.21875 0.07500034
vt 0.21875 0.07500034
vt 0.21875 0.07500034
vt 0.21875 0.07500034
vt 0.21875 0.07500034
vt 0.21875 0.07500034
vt 0.21875 0.07500034
vt 0.21875 0.07500034
vt 0.21875 0.07500034
vt 0.21875 0.07500034
vt 0.21875 0.07500034
vt 0.21875 0.07500034
vt 0.21875 0.07500034
vt 0.21875 0.07500034
vt 0.21875 0.17500000000000004
vt 0.21875 0.17500000000000004
vt 0.21875 0.17500000000000004
vt 0.21875 0.07500034
vt 0.21875 0.17500000000000004
vt 0.21875 0.17500000000000004
vt 0.21875 0.07500034
vt 0.21875 0.07500034
vt 0.21875 0.07500034
vt 0.21875 0.17500000000000004
vt 0.21875 0.17500000000000004
vt 0.21875 0.07500034
vt 0.21875 0.17500000000000004
vt 0.21875 0.07500034
vt 0.21875 0.17500000000000004
vt 0.21875 0.07500034
vt 0.21875 0.07500034
vt 0.21875 0.07500034
vt 0.21875 0.17500000000000004
vt 0.21875 0.17500000000000004
vt 0.21875 0.17500000000000004
vt 0.21875 0.07500034
vt 0.21875 0.07500034
vt 0.21875 0.07500034
vt 0.21875 0.17500000000000004
vt 0.21875 0.17500000000000004
vt 0.21875 0.17500000000000004
vt 0.21875 0.07500034
vt 0.21875 0.07500034
vt 0.21875 0.07500034
vt 0.21875 0.17500000000000004
vt 0.21875 0.17500000000000004
vt 0.21875 0.17500000000000004
vt 0.21875 0.07500034
vt 0.21875 0.07500034
vt 0.21875 0.07500034
vt 0.21875 0.17500000000000004
vt 0.21875 0.17500000000000004
vt 0.21875 0.17500000000000004
vt 0.21875 0.07500034
vt 0.21875 0.07500034
vt 0.21875 0.07500034
vt 0.21875 0.17500000000000004
vt 0.21875 0.17500000000000004
vt 0.21875 0.17500000000000004
vt 0.21875 0.07500034
vt 0.21875 0.07500034
vt 0.21875 0.17500000000000004
vt 0.21875 0.07500034
vt 0.21875 0.17500000000000004
vt 0.21875 0.07500034
vt 0.21875 0.17500000000000004
vt 0.21875 0.19577460000000002
vt 0.21875 0.19577460000000002
vt 0.21875 0.054225549999999956
vt 0.21875 0.054225549999999956
vt 0.21875 0.054225549999999956
vt 0.21875 0.19577460000000002
vt 0.21875 0.19577460000000002
vt 0.21875 0.054225549999999956
vt 0.21875 0.19577460000000002
vt 0.21875 0.054225549999999956
vt 0.21875 0.19577460000000002
vt 0.21875 0.054225549999999956
vt 0.21875 0.22499999999999998
vt 0.21875 0.22499999999999998
vt 0.21875 0.22499999999999998
vt 0.21875 0.22499999999999998
vt 0.21875 0.22499999999999998
vt 0.21875 0.22499999999999998
vt 0.21875 0.02500011000000002
vt 0.21875 0.02500011000000002
vt 0.21875 0.02500011000000002
vt 0.21875 0.02500011000000002
vt 0.21875 0.02500011000000002
vt 0.21875 0.02500011000000002
vt 0.21875 0.02500011000000002
vt 0.21875 0.054225549999999956
vt 0.21875 0.02500011000000002
vt 0.21875 0.054225549999999956
vt 0.21875 0.02500011000000002
vt 0.21875 0.054225549999999956
vt 0.21875 0.22499999999999998
vt 0.21875 0.19577460000000002
vt 0.21875 0.22499999999999998
vt 0.21875 0.19577460000000002
vt 0.21875 0.22499999999999998
vt 0.21875 0.19577460000000002
vt 0.21875 0.054225549999999956
vt 0.21875 0.02500011000000002
vt 0.21875 0.054225549999999956
vt 0.21875 0.02500011000000002
vt 0.21875 0.054225549999999956
vt 0.21875 0.02500011000000002
vt 0.21875 0.19577460000000002
vt 0.21875 0.22499999999999998
vt 0.21875 0.19577460000000002
vt 0.21875 0.22499999999999998
vt 0.21875 0.19577460000000002
vt 0.21875 0.22499999999999998
vt 0.21875 0.02500011000000002
vt 0.21875 0.02500011000000002
vt 0.21875 0.054225549999999956
vt 0.21875 0.054225549999999956
vt 0.21875 0.054225549999999956
vt 0.21875 0.02500011000000002
vt 0.21875 0.19577460000000002
vt 0.21875 0.054225549999999956
vt 0.21875 0.054225549999999956
vt 0.21875 0.19577460000000002
vt 0.21875 0.19577460000000002
vt 0.21875 0.054225549999999956
vt 0.21875 0.22499999999999998
vt 0.21875 0.19577460000000002
vt 0.21875 0.19577460000000002
vt 0.21875 0.22499999999999998
vt 0.21875 0.22499999999999998
vt 0.21875 0.19577460000000002
vt 0.21875 0.3670559
vt 0.21875 0.27500009999999997
vt 0.21875 0.3670559
vt 0.21875 0.27500009999999997
vt 0.21875 0.3670559
vt 0.21875 0.27500009999999997
vt 0.21875 0.27500009999999997
vt 0.21875 0.3670559
vt 0.21875 0.27500009999999997
vt 0.21875 0.3670559
vt 0.21875 0.27500009999999997
vt 0.21875 0.3670559
vt 0.21875 0.3670559
vt 0.21875 0.475
vt 0.21875 0.3670559
vt 0.21875 0.475
vt 0.21875 0.3670559
vt 0.21875 0.475
vt 0.21875 0.475
vt 0.21875 0.475
vt 0.21875 0.475
vt 0.21875 0.475
vt 0.21875 0.475
vt 0.21875 0.475
vt 0.21875 0.3670559
vt 0.21875 0.3670559
vt 0.21875 0.475
vt 0.21875 0.475
vt 0.21875 0.475
vt 0.21875 0.3670559
vt 0.21875 0.3670559
vt 0.21875 0.3670559
vt 0.21875 0.475
vt 0.21875 0.475
vt 0.21875 0.475
vt 0.21875 0.3670559
vt 0.21875 0.27500009999999997
vt 0.21875 0.3670559
vt 0.21875 0.27500009999999997
vt 0.21875 0.3670559
vt 0.21875 0.27500009999999997
vt 0.21875 0.3670559
vt 0.21875 0.27500009999999997
vt 0.21875 0.27500009999999997
vt 0.21875 0.3670559
vt 0.21875 0.3670559
vt 0.21875 0.3670559
vt 0.21875 0.27500009999999997
vt 0.21875 0.475
vt 0.21875 0.3670559
vt 0.21875 0.3670559
vt 0.21875 0.475
vt 0.21875 0.475
vt 0.21875 0.3670559
vt 0.21875 0.475
vt 0.21875 0.275
vt 0.21875 0.475
vt 0.21875 0.275
vt 0.21875 0.475
vt 0.21875 0.275
vt 0.21875 0.275
vt 0.21875 0.275
vt 0.21875 0.475
vt 0.21875 0.475
vt 0.21875 0.475
vt 0.21875 0.275
vt 0.21875 0.275
vt 0.21875 0.275
vt 0.21875 0.275
vt 0.21875 0.275
vt 0.21875 0.275
vt 0.21875 0.275
vt 0.21875 0.275
vt 0.21875 0.275
vt 0.21875 0.275
vt 0.21875 0.275
vt 0.21875 0.275
vt 0.21875 0.275
vt 0.21875 0.275
vt 0.21875 0.275
vt 0.21875 0.475
vt 0.21875 0.475
vt 0.21875 0.475
vt 0.21875 0.275
vt 0.21875 0.275
vt 0.21875 0.475
vt 0.21875 0.275
vt 0.21875 0.475
vt 0.21875 0.275
vt 0.21875 0.475
vt 0.21875 0.475
vt 0.21875 0.475
vt 0.21875 0.475
vt 0.21875 0.475
vt 0.21875 0.475
vt 0.21875 0.475
vt 0.21875 0.475
vt 0.21875 0.475
vt 0.21875 0.475
vt 0.21875 0.475
vt 0.21875 0.475
vt 0.21875 0.475
vt 0.21875 0.275
vt 0.21875 0.475
vt 0.21875 0.275
vt 0.21875 0.475
vt 0.21875 0.275
vt 0.21875 0.475
vt 0.21875 0.2750003999999999
vt 0.21875 0.2750003999999999
vt 0.21875 0.475
vt 0.21875 0.2750003999999999
vt 0.21875 0.2750003999999999
vt 0.21875 0.475
vt 0.21875 0.2750003999999999
vt 0.21875 0.475
vt 0.21875 0.2750003999999999
vt 0.21875 0.475
vt 0.21875 0.2750003999999999
vt 0.21875 0.475
vt 0.21875 0.2750003999999999
vt 0.21875 0.2750003999999999
vt 0.21875 0.475
vt 0.21875 0.475
vt 0.21875 0.475
vt 0.21875 0.2750003999999999
vt 0.21875 0.275
vt 0.21875 0.275
vt 0.21875 0.275
vt 0.21875 0.275
vt 0.21875 0.275
vt 0.21875 0.275
vt 0.21875 0.275
vt 0.21875 0.275
vt 0.21875 0.275
vt 0.21875 0.275
vt 0.21875 0.275
vt 0.21875 0.275
vt 0.21875 0.275
vt 0.21875 0.475
vt 0.21875 0.275
vt 0.21875 0.475
vt 0.21875 0.275
vt 0.21875 0.475
vt 0.21875 0.275
vt 0.21875 0.275
vt 0.21875 0.475
vt 0.21875 0.475
vt 0.21875 0.475
vt 0.21875 0.275
vt 0.21875 0.275
vt 0.21875 0.475
vt 0.21875 0.275
vt 0.21875 0.475
vt 0.21875 0.275
vt 0.21875 0.475
vt 0.21875 0.275
vt 0.21875 0.475
vt 0.21875 0.275
vt 0.21875 0.475
vt 0.21875 0.275
vt 0.21875 0.475
vt 0.21875 0.475
vt 0.21875 0.475
vt 0.21875 0.475
vt 0.21875 0.475
vt 0.21875 0.475
vt 0.21875 0.475
vt 0.21875 0.475
vt 0.21875 0.475
vt 0.21875 0.475
vt 0.21875 0.475
vt 0.21875 0.475
vt 0.21875 0.475
vt 0.21875 0.275
vt 0.21875 0.275
vt 0.21875 0.475
vt 0.21875 0.475
vt 0.21875 0.475
vt 0.21875 0.275
vt 0.21875 0.2750003999999999
vt 0.21875 0.2750003999999999
vt 0.21875 0.475
vt 0.21875 0.2750003999999999
vt 0.21875 0.2750003999999999
vt 0.21875 0.475
vt 0.21875 0.475
vt 0.21875 0.2750003999999999
vt 0.21875 0.475
vt 0.21875 0.2750003999999999
vt 0.21875 0.475
vt 0.21875 0.2750003999999999
vt 0.21875 0.475
vt 0.21875 0.475
vt 0.21875 0.2750003999999999
vt 0.21875 0.2750003999999999
vt 0.21875 0.2750003999999999
vt 0.21875 0.475
vt 0.09375 0.22499999999999998
vt 0.09375 0.22499999999999998
vt 0.09375 0.025000299999999975
vt 0.09375 0.025000299999999975
vt 0.09375 0.025000299999999975
vt 0.09375 0.22499999999999998
vt 0.09375 0.22499999999999998
vt 0.09375 0.025000299999999975
vt 0.09375 0.22499999999999998
vt 0.09375 0.025000299999999975
vt 0.09375 0.22499999999999998
vt 0.09375 0.025000299999999975
vt 0.09375 0.025000299999999975
vt 0.09375 0.025000299999999975
vt 0.09375 0.025000299999999975
vt 0.09375 0.025000299999999975
vt 0.09375 0.025000299999999975
vt 0.09375 0.025000299999999975
vt 0.09375 0.025000299999999975
vt 0.09375 0.22499999999999998
vt 0.09375 0.025000299999999975
vt 0.09375 0.22499999999999998
vt 0.09375 0.025000299999999975
vt 0.09375 0.22499999999999998
vt 0.09375 0.22499999999999998
vt 0.09375 0.22499999999999998
vt 0.09375 0.22499999999999998
vt 0.09375 0.22499999999999998
vt 0.09375 0.22499999999999998
vt 0.09375 0.22499999999999998
vt 0.09375 0.025000299999999975
vt 0.09375 0.025000299999999975
vt 0.09375 0.22499999999999998
vt 0.09375 0.22499999999999998
vt 0.09375 0.22499999999999998
vt 0.09375 0.025000299999999975
vt 0.09375 0.22499999999999998
vt 0.09375 0.025000299999999975
vt 0.09375 0.22499999999999998
vt 0.09375 0.025000299999999975
vt 0.09375 0.22499999999999998
vt 0.09375 0.025000299999999975
vt 0.09375 0.22499999999999998
vt 0.09375 0.22499999999999998
vt 0.09375 0.025000299999999975
vt 0.09375 0.025000299999999975
vt 0.09375 0.025000299999999975
vt 0.09375 0.22499999999999998
vt 0.09375 0.22499999999999998
vt 0.09375 0.22499999999999998
vt 0.09375 0.22499999999999998
vt 0.09375 0.22499999999999998
vt 0.09375 0.22499999999999998
vt 0.09375 0.22499999999999998
vt 0.09375 0.025000299999999975
vt 0.09375 0.025000299999999975
vt 0.09375 0.22499999999999998
vt 0.09375 0.22499999999999998
vt 0.09375 0.22499999999999998
vt 0.09375 0.025000299999999975
vt 0.09375 0.025000299999999975
vt 0.09375 0.22499999999999998
vt 0.09375 0.025000299999999975
vt 0.09375 0.22499999999999998
vt 0.09375 0.025000299999999975
vt 0.09375 0.22499999999999998
vt 0.09375 0.025000299999999975
vt 0.09375 0.025000299999999975
vt 0.09375 0.025000299999999975
vt 0.09375 0.025000299999999975
vt 0.09375 0.025000299999999975
vt 0.09375 0.025000299999999975
vt 0.09375 0.14813239999999994
vt 0.09375 0.09306011000000003
vt 0.09375 0.1300021
vt 0.09375 0.14813239999999994
vt 0.09375 0.19128600000000007
vt 0.09375 0.09306011000000003
vt 0.09375 0.09306011000000003
vt 0.09375 0.19128600000000007
vt 0.09375 0.07805085
vt 0.09375 0.07805085
vt 0.09375 0.19128600000000007
vt 0.09375 0.07805085
vt 0.09375 0.07805085
vt 0.09375 0.19128600000000007
vt 0.09375 0.025000000000000022
vt 0.09375 0.07805085
vt 0.09375 0.025000000000000022
vt 0.09375 0.025000000000000022
vt 0.09375 0.19128600000000007
vt 0.09375 0.025000000000000022
vt 0.09375 0.19128600000000007
vt 0.09375 0.025000000000000022
vt 0.09375 0.19128600000000007
vt 0.09375 0.025000000000000022
vt 0.09375 0.07805085
vt 0.09375 0.025000000000000022
vt 0.09375 0.19128600000000007
vt 0.09375 0.19128600000000007
vt 0.09375 0.19128600000000007
vt 0.09375 0.07805085
vt 0.09375 0.07805085
vt 0.09375 0.07805085
vt 0.09375 0.19128600000000007
vt 0.09375 0.09306011000000003
vt 0.09375 0.07805085
vt 0.09375 0.19128600000000007
vt 0.09375 0.14813239999999994
vt 0.09375 0.09306011000000003
vt 0.09375 0.19128600000000007
vt 0.09375 0.09306011000000003
vt 0.09375 0.14813239999999994
vt 0.09375 0.1300021
vt 0.09375 0.22499999999999998
vt 0.09375 0.19128600000000007
vt 0.09375 0.22499999999999998
vt 0.09375 0.19128600000000007
vt 0.09375 0.22499999999999998
vt 0.09375 0.19128600000000007
vt 0.09375 0.19128600000000007
vt 0.09375 0.22499999999999998
vt 0.09375 0.19128600000000007
vt 0.09375 0.22499999999999998
vt 0.09375 0.19128600000000007
vt 0.09375 0.22499999999999998
vt 0.09375 0.22499999999999998
vt 0.09375 0.22499999999999998
vt 0.09375 0.19128600000000007
vt 0.09375 0.19128600000000007
vt 0.09375 0.19128600000000007
vt 0.09375 0.22499999999999998
vt 0.09375 0.19128600000000007
vt 0.09375 0.22499999999999998
vt 0.09375 0.19128600000000007
vt 0.09375 0.22499999999999998
vt 0.09375 0.19128600000000007
vt 0.09375 0.22499999999999998
vt 0.09375 0.19128600000000007
vt 0.09375 0.19128600000000007
vt 0.09375 0.22499999999999998
vt 0.09375 0.22499999999999998
vt 0.09375 0.22499999999999998
vt 0.09375 0.19128600000000007
vt 0.09375 0.19128600000000007
vt 0.09375 0.22499999999999998
vt 0.09375 0.19128600000000007
vt 0.09375 0.22499999999999998
vt 0.09375 0.19128600000000007
vt 0.09375 0.22499999999999998
vt 0.09375 0.22499999999999998
vt 0.09375 0.22499999999999998
vt 0.09375 0.22499999999999998
vt 0.09375 0.22499999999999998
vt 0.09375 0.22499999999999998
vt 0.09375 0.22499999999999998
vt 0.09375 0.22499999999999998
vt 0.09375 0.22499999999999998
vt 0.09375 0.22499999999999998
vt 0.09375 0.22499999999999998
vt 0.09375 0.22499999999999998
vt 0.09375 0.22499999999999998
vt 0.09375 0.22499999999999998
vt 0.09375 0.22499999999999998
vt 0.09375 0.22499999999999998
vt 0.09375 0.22499999999999998
vt 0.09375 0.22499999999999998
vt 0.09375 0.22499999999999998
vt 0.09375 0.19128600000000007
vt 0.09375 0.19128600000000007
vt 0.09375 0.22499999999999998
vt 0.09375 0.22499999999999998
vt 0.09375 0.22499999999999998
vt 0.09375 0.19128600000000007
vt 0.09375 0.19128600000000007
vt 0.09375 0.19128600000000007
vt 0.09375 0.22499999999999998
vt 0.09375 0.22499999999999998
vt 0.09375 0.22499999999999998
vt 0.09375 0.19128600000000007
vt 0.09375 0.025000000000000022
vt 0.09375 0.025000000000000022
vt 0.09375 0.19128600000000007
vt 0.09375 0.19128600000000007
vt 0.09375 0.19128600000000007
vt 0.09375 0.025000000000000022
vt 0.09375 0.025000000000000022
vt 0.09375 0.025000000000000022
vt 0.09375 0.19128600000000007
vt 0.09375 0.19128600000000007
vt 0.09375 0.19128600000000007
vt 0.09375 0.025000000000000022
vt 0.09375 0.025000000000000022
vt 0.09375 0.19128600000000007
vt 0.09375 0.025000000000000022
vt 0.09375 0.19128600000000007
vt 0.09375 0.025000000000000022
vt 0.09375 0.19128600000000007
vt 0.09375 0.025000000000000022
vt 0.09375 0.025000000000000022
vt 0.09375 0.025000000000000022
vt 0.09375 0.025000000000000022
vt 0.09375 0.025000000000000022
vt 0.09375 0.025000000000000022
vt 0.09375 0.025000000000000022
vt 0.09375 0.025000000000000022
vt 0.09375 0.025000000000000022
vt 0.09375 0.025000000000000022
vt 0.09375 0.025000000000000022
vt 0.09375 0.025000000000000022
vt 0.09375 0.025000000000000022
vt 0.09375 0.07805085
vt 0.09375 0.025000000000000022
vt 0.09375 0.07805085
vt 0.09375 0.025000000000000022
vt 0.09375 0.07805085
vt 0.09375 0.07805085
vt 0.09375 0.07805085
vt 0.09375 0.07805085
vt 0.09375 0.07805085
vt 0.09375 0.07805085
vt 0.09375 0.07805085
vt 0.09375 0.09306011000000003
vt 0.09375 0.07805085
vt 0.09375 0.09306011000000003
vt 0.09375 0.07805085
vt 0.09375 0.09306011000000003
vt 0.09375 0.07805085
vt 0.09375 0.09306011000000003
vt 0.09375 0.1300021
vt 0.09375 0.09306011000000003
vt 0.09375 0.1300021
vt 0.09375 0.09306011000000003
vt 0.09375 0.1300021
vt 0.09375 0.1300021
vt 0.09375 0.14813239999999994
vt 0.09375 0.1300021
vt 0.09375 0.14813239999999994
vt 0.09375 0.1300021
vt 0.09375 0.14813239999999994
vt 0.09375 0.14813239999999994
vt 0.09375 0.14813239999999994
vt 0.09375 0.19128600000000007
vt 0.09375 0.19128600000000007
vt 0.09375 0.19128600000000007
vt 0.09375 0.14813239999999994
vt 0.09375 0.11936290000000005
vt 0.09375 0.12778920000000005
vt 0.09375 0.12778920000000005
vt 0.09375 0.14813239999999994
vt 0.09375 0.12778920000000005
vt 0.09375 0.12778920000000005
vt 0.09375 0.14813239999999994
vt 0.09375 0.14813239999999994
vt 0.09375 0.12778920000000005
vt 0.09375 0.14813239999999994
vt 0.09375 0.14813239999999994
vt 0.09375 0.14813239999999994
vt 0.09375 0.14813239999999994
vt 0.09375 0.14813239999999994
vt 0.09375 0.19128600000000007
vt 0.09375 0.19128600000000007
vt 0.09375 0.14813239999999994
vt 0.09375 0.19128600000000007
vt 0.09375 0.19128600000000007
vt 0.09375 0.14813239999999994
vt 0.09375 0.14813239999999994
vt 0.09375 0.14813239999999994
vt 0.09375 0.14813239999999994
vt 0.09375 0.12270369999999997
vt 0.09375 0.14813239999999994
vt 0.09375 0.12270369999999997
vt 0.09375 0.12270369999999997
vt 0.09375 0.11217080000000001
vt 0.09375 0.12270369999999997
vt 0.09375 0.12270369999999997
vt 0.09375 0.14813239999999994
vt 0.09375 0.12778920000000005
vt 0.09375 0.14813239999999994
vt 0.09375 0.14813239999999994
vt 0.09375 0.12778920000000005
vt 0.09375 0.12778920000000005
vt 0.09375 0.11936290000000005
vt 0.09375 0.12778920000000005
vt 0.09375 0.12778920000000005
vt 0.09375 0.14813239999999994
vt 0.09375 0.19128600000000007
vt 0.09375 0.14813239999999994
vt 0.09375 0.19128600000000007
vt 0.09375 0.14813239999999994
vt 0.09375 0.19128600000000007
vt 0.09375 0.16265660000000004
vt 0.09375 0.1715626
vt 0.09375 0.1715626
vt 0.09375 0.1982815
vt 0.09375 0.1715626
vt 0.09375 0.1715626
vt 0.09375 0.1982815
vt 0.09375 0.1982815
vt 0.09375 0.1715626
vt 0.09375 0.22499999999999998
vt 0.09375 0.1982815
vt 0.09375 0.1982815
vt 0.09375 0.09879837000000002
vt 0.09375 0.11183019999999999
vt 0.09375 0.10622639999999994
vt 0.09375 0.12486200000000003
vt 0.09375 0.10622639999999994
vt 0.09375 0.11183019999999999
vt 0.09375 0.11183019999999999
vt 0.09375 0.12486200000000003
vt 0.09375 0.11183019999999999
vt 0.09375 0.12486200000000003
vt 0.09375 0.11183019999999999
vt 0.09375 0.12486200000000003
vt 0.09375 0.1409182
vt 0.09375 0.12486200000000003
vt 0.09375 0.12486200000000003
vt 0.09375 0.1409182
vt 0.09375 0.1409182
vt 0.09375 0.12486200000000003
vt 0.09375 0.12486200000000003
vt 0.09375 0.11183019999999999
vt 0.09375 0.10622639999999994
vt 0.09375 0.09879837000000002
vt 0.09375 0.10622639999999994
vt 0.09375 0.11183019999999999
vt 0.09375 0.16265660000000004
vt 0.09375 0.1715626
vt 0.09375 0.1715626
vt 0.09375 0.1982815
vt 0.09375 0.1715626
vt 0.09375 0.1715626
vt 0.09375 0.1982815
vt 0.09375 0.1982815
vt 0.09375 0.1715626
vt 0.09375 0.22499999999999998
vt 0.09375 0.1982815
vt 0.09375 0.1982815
vt 0.71875 0.22499999999999998
vt 0.71875 0.22499999999999998
vt 0.71875 0.1750003
vt 0.71875 0.025000460000000002
vt 0.71875 0.025000460000000002
vt 0.71875 0.07500010999999995
vt 0.71875 0.22499999999999998
vt 0.71875 0.1750003
vt 0.71875 0.22499999999999998
vt 0.71875 0.07500010999999995
vt 0.71875 0.025000460000000002
vt 0.71875 0.025000460000000002
vt 0.71875 0.1750003
vt 0.71875 0.07500010999999995
vt 0.71875 0.22499999999999998
vt 0.71875 0.025000460000000002
vt 0.71875 0.22499999999999998
vt 0.71875 0.07500010999999995
vt 0.71875 0.025000460000000002
vt 0.71875 0.22499999999999998
vt 0.71875 0.025000460000000002
vt 0.71875 0.22499999999999998
vt 0.71875 0.22499999999999998
vt 0.71875 0.025000460000000002
vt 0.71875 0.07500010999999995
vt 0.71875 0.22499999999999998
vt 0.71875 0.025000460000000002
vt 0.71875 0.1750003
vt 0.71875 0.22499999999999998
vt 0.71875 0.07500010999999995
vt 0.71875 0.22499999999999998
vt 0.71875 0.22499999999999998
vt 0.71875 0.22499999999999998
vt 0.71875 0.22499999999999998
vt 0.71875 0.22499999999999998
vt 0.71875 0.22499999999999998
vt 0.71875 0.22499999999999998
vt 0.71875 0.22499999999999998
vt 0.71875 0.22499999999999998
vt 0.71875 0.025000460000000002
vt 0.71875 0.025000460000000002
vt 0.71875 0.025000460000000002
vt 0.71875 0.025000460000000002
vt 0.71875 0.025000460000000002
vt 0.71875 0.025000460000000002
vt 0.71875 0.025000460000000002
vt 0.71875 0.025000460000000002
vt 0.71875 0.025000460000000002
vt 0.71875 0.1750003
vt 0.71875 0.22499999999999998
vt 0.71875 0.07500010999999995
vt 0.71875 0.025000460000000002
vt 0.71875 0.07500010999999995
vt 0.71875 0.22499999999999998
vt 0.71875 0.025000460000000002
vt 0.71875 0.025000460000000002
vt 0.71875 0.22499999999999998
vt 0.71875 0.22499999999999998
vt 0.71875 0.025000460000000002
vt 0.71875 0.22499999999999998
vt 0.71875 0.07500010999999995
vt 0.71875 0.07500010999999995
vt 0.71875 0.1750003
vt 0.71875 0.1750003
vt 0.71875 0.1750003
vt 0.71875 0.07500010999999995
vt 0.71875 0.1750003
vt 0.71875 0.22499999999999998
vt 0.71875 0.1750003
vt 0.71875 0.22499999999999998
vt 0.71875 0.1750003
vt 0.71875 0.22499999999999998
vt 0.71875 0.07500010999999995
vt 0.71875 0.07500010999999995
vt 0.71875 0.025000460000000002
vt 0.71875 0.025000460000000002
vt 0.71875 0.025000460000000002
vt 0.71875 0.07500010999999995
vt 0.71875 0.22499999999999998
vt 0.71875 0.22499999999999998
vt 0.71875 0.22499999999999998
vt 0.71875 0.22499999999999998
vt 0.71875 0.22499999999999998
vt 0.71875 0.22499999999999998
vt 0.71875 0.22499999999999998
vt 0.71875 0.22499999999999998
vt 0.71875 0.22499999999999998
vt 0.71875 0.07500010999999995
vt 0.71875 0.1750003
vt 0.71875 0.025000460000000002
vt 0.71875 0.22499999999999998
vt 0.71875 0.025000460000000002
vt 0.71875 0.1750003
vt 0.71875 0.025000460000000002
vt 0.71875 0.025000460000000002
vt 0.71875 0.22499999999999998
vt 0.71875 0.22499999999999998
vt 0.71875 0.025000460000000002
vt 0.71875 0.22499999999999998
vt 0.71875 0.07500010999999995
vt 0.71875 0.025000460000000002
vt 0.71875 0.22499999999999998
vt 0.71875 0.1750003
vt 0.71875 0.07500010999999995
vt 0.71875 0.22499999999999998
vt 0.71875 0.07500010999999995
vt 0.71875 0.1750003
vt 0.71875 0.07500010999999995
vt 0.71875 0.1750003
vt 0.71875 0.07500010999999995
vt 0.71875 0.1750003
vt 0.71875 0.1750003
vt 0.71875 0.07500010999999995
vt 0.71875 0.22499999999999998
vt 0.71875 0.025000460000000002
vt 0.71875 0.22499999999999998
vt 0.71875 0.07500010999999995
vt 0.71875 0.22499999999999998
vt 0.71875 0.22499999999999998
vt 0.71875 0.025000460000000002
vt 0.71875 0.025000460000000002
vt 0.71875 0.22499999999999998
vt 0.71875 0.025000460000000002
vt 0.71875 0.22499999999999998
vt 0.71875 0.22499999999999998
vt 0.71875 0.1750003
vt 0.71875 0.1750003
vt 0.71875 0.1750003
vt 0.71875 0.22499999999999998
vt 0.71875 0.025000460000000002
vt 0.71875 0.025000460000000002
vt 0.71875 0.025000460000000002
vt 0.71875 0.025000460000000002
vt 0.71875 0.025000460000000002
vt 0.71875 0.025000460000000002
vt 0.71875 0.025000460000000002
vt 0.71875 0.025000460000000002
vt 0.71875 0.025000460000000002
vt 0.71875 0.025000460000000002
vt 0.71875 0.07500010999999995
vt 0.71875 0.025000460000000002
vt 0.71875 0.07500010999999995
vt 0.71875 0.025000460000000002
vt 0.71875 0.07500010999999995
vt 0.71875 0.05447409999999997
vt 0.71875 0.025000000000000022
vt 0.71875 0.05447409999999997
vt 0.71875 0.025000000000000022
vt 0.71875 0.05447409999999997
vt 0.71875 0.025000000000000022
vt 0.71875 0.19356079999999998
vt 0.71875 0.19356079999999998
vt 0.71875 0.21579170000000003
vt 0.71875 0.21579170000000003
vt 0.71875 0.21579170000000003
vt 0.71875 0.19356079999999998
vt 0.71875 0.21579170000000003
vt 0.71875 0.19356079999999998
vt 0.71875 0.21579170000000003
vt 0.71875 0.19356079999999998
vt 0.71875 0.21579170000000003
vt 0.71875 0.19356079999999998
vt 0.71875 0.05447409999999997
vt 0.71875 0.05447409999999997
vt 0.71875 0.025000000000000022
vt 0.71875 0.025000000000000022
vt 0.71875 0.025000000000000022
vt 0.71875 0.05447409999999997
vt 0.71875 0.025000000000000022
vt 0.71875 0.025000000000000022
vt 0.71875 0.05447409999999997
vt 0.71875 0.05447409999999997
vt 0.71875 0.05447409999999997
vt 0.71875 0.025000000000000022
vt 0.71875 0.025000000000000022
vt 0.71875 0.025000000000000022
vt 0.71875 0.025000000000000022
vt 0.71875 0.025000000000000022
vt 0.71875 0.025000000000000022
vt 0.71875 0.025000000000000022
vt 0.71875 0.025000000000000022
vt 0.71875 0.025000000000000022
vt 0.71875 0.025000000000000022
vt 0.71875 0.025000000000000022
vt 0.71875 0.025000000000000022
vt 0.71875 0.025000000000000022
vt 0.71875 0.025000000000000022
vt 0.71875 0.025000000000000022
vt 0.71875 0.025000000000000022
vt 0.71875 0.025000000000000022
vt 0.71875 0.025000000000000022
vt 0.71875 0.025000000000000022
vt 0.71875 0.05447409999999997
vt 0.71875 0.05447409999999997
vt 0.71875 0.025000000000000022
vt 0.71875 0.025000000000000022
vt 0.71875 0.025000000000000022
vt 0.71875 0.05447409999999997
vt 0.71875 0.05447409999999997
vt 0.71875 0.025000000000000022
vt 0.71875 0.05447409999999997
vt 0.71875 0.025000000000000022
vt 0.71875 0.05447409999999997
vt 0.71875 0.025000000000000022
vt 0.71875 0.21579170000000003
vt 0.71875 0.21579170000000003
vt 0.71875 0.22499999999999998
vt 0.71875 0.22499999999999998
vt 0.71875 0.22499999999999998
vt 0.71875 0.21579170000000003
vt 0.71875 0.05447409999999997
vt 0.71875 0.05447409999999997
vt 0.71875 0.025000000000000022
vt 0.71875 0.025000000000000022
vt 0.71875 0.025000000000000022
vt 0.71875 0.05447409999999997
vt 0.71875 0.19356079999999998
vt 0.71875 0.21579170000000003
vt 0.71875 0.19356079999999998
vt 0.71875 0.21579170000000003
vt 0.71875 0.19356079999999998
vt 0.71875 0.21579170000000003
vt 0.71875 0.21579170000000003
vt 0.71875 0.21579170000000003
vt 0.71875 0.22499999999999998
vt 0.71875 0.22499999999999998
vt 0.71875 0.22499999999999998
vt 0.71875 0.21579170000000003
vt 0.71875 0.22499999999999998
vt 0.71875 0.22499999999999998
vt 0.71875 0.22499999999999998
vt 0.71875 0.22499999999999998
vt 0.71875 0.22499999999999998
vt 0.71875 0.22499999999999998
vt 0.71875 0.22499999999999998
vt 0.71875 0.22499999999999998
vt 0.71875 0.22499999999999998
vt 0.71875 0.22499999999999998
vt 0.71875 0.22499999999999998
vt 0.71875 0.22499999999999998
vt 0.71875 0.22499999999999998
vt 0.71875 0.22499999999999998
vt 0.71875 0.22499999999999998
vt 0.71875 0.22499999999999998
vt 0.71875 0.22499999999999998
vt 0.71875 0.22499999999999998
vt 0.71875 0.19356079999999998
vt 0.71875 0.05447409999999997
vt 0.71875 0.19356079999999998
vt 0.71875 0.05447409999999997
vt 0.71875 0.19356079999999998
vt 0.71875 0.05447409999999997
vt 0.71875 0.22499999999999998
vt 0.71875 0.22499999999999998
vt 0.71875 0.21579170000000003
vt 0.71875 0.21579170000000003
vt 0.71875 0.21579170000000003
vt 0.71875 0.22499999999999998
vt 0.71875 0.22499999999999998
vt 0.71875 0.21579170000000003
vt 0.71875 0.22499999999999998
vt 0.71875 0.21579170000000003
vt 0.71875 0.22499999999999998
vt 0.71875 0.21579170000000003
vt 0.71875 0.05447409999999997
vt 0.71875 0.05447409999999997
vt 0.71875 0.19356079999999998
vt 0.71875 0.19356079999999998
vt 0.71875 0.19356079999999998
vt 0.71875 0.05447409999999997
vt 0.71875 0.22499999999999998
vt 0.71875 0.21579170000000003
vt 0.71875 0.22499999999999998
vt 0.71875 0.21579170000000003
vt 0.71875 0.22499999999999998
vt 0.71875 0.21579170000000003
vt 0.71875 0.19356079999999998
vt 0.71875 0.21579170000000003
vt 0.71875 0.21579170000000003
vt 0.71875 0.19356079999999998
vt 0.71875 0.21579170000000003
vt 0.71875 0.19356079999999998
vt 0.71875 0.05447409999999997
vt 0.71875 0.19356079999999998
vt 0.71875 0.19356079999999998
vt 0.71875 0.05447409999999997
vt 0.71875 0.05447409999999997
vt 0.71875 0.19356079999999998
vt 0.71875 0.19356079999999998
vt 0.71875 0.19356079999999998
vt 0.71875 0.05447409999999997
vt 0.71875 0.05447409999999997
vt 0.71875 0.05447409999999997
vt 0.71875 0.19356079999999998
vt 0.71875 0.19356079999999998
vt 0.71875 0.19356079999999998
vt 0.71875 0.05447409999999997
vt 0.71875 0.05447409999999997
vt 0.71875 0.05447409999999997
vt 0.71875 0.19356079999999998
vt 0.71875 0.05447409999999997
vt 0.71875 0.025000000000000022
vt 0.71875 0.05447409999999997
vt 0.71875 0.025000000000000022
vt 0.71875 0.05447409999999997
vt 0.71875 0.025000000000000022
vt 0.71875 0.21579170000000003
vt 0.71875 0.21579170000000003
vt 0.71875 0.19356079999999998
vt 0.71875 0.19356079999999998
vt 0.71875 0.19356079999999998
vt 0.71875 0.21579170000000003
vt 0.71875 0.025000000000000022
vt 0.71875 0.05447409999999997
vt 0.71875 0.025000000000000022
vt 0.71875 0.05447409999999997
vt 0.71875 0.025000000000000022
vt 0.71875 0.05447409999999997
vt 0.71875 0.21579170000000003
vt 0.71875 0.21579170000000003
vt 0.71875 0.19356079999999998
vt 0.71875 0.19356079999999998
vt 0.71875 0.19356079999999998
vt 0.71875 0.21579170000000003
vt 0.71875 0.21579170000000003
vt 0.71875 0.19356079999999998
vt 0.71875 0.21579170000000003
vt 0.71875 0.19356079999999998
vt 0.71875 0.21579170000000003
vt 0.71875 0.19356079999999998
vt 0.71875 0.22499999999999998
vt 0.71875 0.22499999999999998
vt 0.71875 0.21579170000000003
vt 0.71875 0.21579170000000003
vt 0.71875 0.21579170000000003
vt 0.71875 0.22499999999999998
vt 0.71875 0.19356079999999998
vt 0.71875 0.21579170000000003
vt 0.71875 0.21579170000000003
vt 0.71875 0.19356079999999998
vt 0.71875 0.19356079999999998
vt 0.71875 0.21579170000000003
vt 0.71875 0.05447409999999997
vt 0.71875 0.19356079999999998
vt 0.71875 0.19356079999999998
vt 0.71875 0.05447409999999997
vt 0.71875 0.05447409999999997
vt 0.71875 0.19356079999999998
vt 0.71875 0.19356079999999998
vt 0.71875 0.05447409999999997
vt 0.71875 0.19356079999999998
vt 0.71875 0.05447409999999997
vt 0.71875 0.19356079999999998
vt 0.71875 0.05447409999999997
vt 0.71875 0.21579170000000003
vt 0.71875 0.22499999999999998
vt 0.71875 0.21579170000000003
vt 0.71875 0.22499999999999998
vt 0.71875 0.21579170000000003
vt 0.71875 0.22499999999999998
vt 0.71875 0.22499999999999998
vt 0.71875 0.22499999999999998
vt 0.71875 0.21579170000000003
vt 0.71875 0.21579170000000003
vt 0.71875 0.21579170000000003
vt 0.71875 0.22499999999999998
vt 0.71875 0.05447409999999997
vt 0.71875 0.19356079999999998
vt 0.71875 0.05447409999999997
vt 0.71875 0.19356079999999998
vt 0.71875 0.05447409999999997
vt 0.71875 0.19356079999999998
# 2103 uvs
vn -0.705103964497982 0.07521169123516618 0.7051039644979843
vn -0.705103964497982 0.07521169123516618 0.7051039644979843
vn -0.705103964497982 0.07521169123516618 0.7051039644979843
vn -0.7051038202865549 0.07521175106356937 0.7051041023276332
vn -0.7051038202865549 0.07521175106356937 0.7051041023276332
vn -0.7051038202865549 0.07521175106356937 0.7051041023276332
vn 0.7051039964066507 0.07521109295004275 -0.7051039964066507
vn 0.7051039964066507 0.07521109295004275 -0.7051039964066507
vn 0.7051039964066507 0.07521109295004275 -0.7051039964066507
vn 0.7051025542915355 0.07521169123382322 -0.7051053747017535
vn 0.7051025542915355 0.07521169123382322 -0.7051053747017535
vn 0.7051025542915355 0.07521169123382322 -0.7051053747017535
vn 0 0 -1
vn 0 0 -1
vn 0 0 -1
vn 0 0 -1
vn 0 0 -1
vn 0 0 -1
vn 0 0 1
vn 0 0 1
vn 0 0 1
vn 0 0 1
vn 0 0 1
vn 0 0 1
vn 0 1 0
vn 0 1 0
vn 0 1 0
vn 0 1 0
vn 0 1 0
vn 0 1 0
vn 0 1 0
vn 0 1 0
vn 0 1 0
vn 0 1 0
vn 0 1 0
vn 0 1 0
vn 0 1 0
vn 0 1 0
vn 0 1 0
vn 0 1 0
vn 0 1 0
vn 0 1 0
vn -0.7051033996173449 0.075211706191777 -0.7051045277827853
vn -0.7051033996173449 0.075211706191777 -0.7051045277827853
vn -0.7051033996173449 0.075211706191777 -0.7051045277827853
vn -0.7051032633829939 0.07521161644897438 -0.7051046735895209
vn -0.7051032633829939 0.07521161644897438 -0.7051046735895209
vn -0.7051032633829939 0.07521161644897438 -0.7051046735895209
vn -0.9943591110610026 0.10606582036628312 0
vn -0.9943591110610026 0.10606582036628312 0
vn -0.9943591110610026 0.10606582036628312 0
vn -0.9943591110610026 0.10606582036628207 0
vn -0.9943591110610026 0.10606582036628207 0
vn -0.9943591110610026 0.10606582036628207 0
vn 0.7051045174123471 0.07521190063546909 0.7051033892469255
vn 0.7051045174123471 0.07521190063546909 0.7051033892469255
vn 0.7051045174123471 0.07521190063546909 0.7051033892469255
vn 0.7051031550699776 0.07521100320746409 0.7051048473148444
vn 0.7051031550699776 0.07521100320746409 0.7051048473148444
vn 0.7051031550699776 0.07521100320746409 0.7051048473148444
vn 0.9943590886881633 0.10606603010976476 0
vn 0.9943590886881633 0.10606603010976476 0
vn 0.9943590886881633 0.10606603010976476 0
vn 0.9943590886881631 0.10606603010976617 0
vn 0.9943590886881631 0.10606603010976617 0
vn 0.9943590886881631 0.10606603010976617 0
vn -0.0000024022709161415043 -0.9659260328805466 0.2588182740802482
vn -0.0000024022709161415043 -0.9659260328805466 0.2588182740802482
vn -0.0000024022709161415043 -0.9659260328805466 0.2588182740802482
vn 0.000003100790880414877 -0.9659257422052336 0.25881935888888524
vn 0.000003100790880414877 -0.9659257422052336 0.25881935888888524
vn 0.000003100790880414877 -0.9659257422052336 0.25881935888888524
vn 0 -0.965925742209877 0.25881935889013047
vn 0 -0.965925742209877 0.25881935889013047
vn 0 -0.965925742209877 0.25881935889013047
vn 0 -0.9659257422098774 0.2588193588901298
vn 0 -0.9659257422098774 0.2588193588901298
vn 0 -0.9659257422098774 0.2588193588901298
vn 0.0000012791944373323834 -0.9659257422090868 0.2588193588899181
vn 0.0000012791944373323834 -0.9659257422090868 0.2588193588899181
vn 0.0000012791944373323834 -0.9659257422090868 0.2588193588899181
vn -0.0000042238629406361134 -0.9659260328747173 0.2588182740786851
vn -0.0000042238629406361134 -0.9659260328747173 0.2588182740786851
vn -0.0000042238629406361134 -0.9659260328747173 0.2588182740786851
vn -0.0000026578496898804886 0.9659258463368181 -0.2588189702696414
vn -0.0000026578496898804886 0.9659258463368181 -0.2588189702696414
vn -0.0000026578496898804886 0.9659258463368181 -0.2588189702696414
vn 7.593846266658356e-8 0.9659257019403212 -0.25881950917790575
vn 7.593846266658356e-8 0.9659257019403212 -0.25881950917790575
vn 7.593846266658356e-8 0.9659257019403212 -0.25881950917790575
vn 0 0.9659257019403238 -0.2588195091779065
vn 0 0.9659257019403238 -0.2588195091779065
vn 0 0.9659257019403238 -0.2588195091779065
vn 0 0.9659257019403238 -0.25881950917790725
vn 0 0.9659257019403238 -0.25881950917790725
vn 0 0.9659257019403238 -0.25881950917790725
vn 0.000002099937910857875 0.9659257019381944 -0.2588195091773352
vn 0.000002099937910857875 0.9659257019381944 -0.2588195091773352
vn 0.000002099937910857875 0.9659257019381944 -0.2588195091773352
vn -6.338571509935049e-7 0.9659258463400359 -0.25881897027050355
vn -6.338571509935049e-7 0.9659258463400359 -0.25881897027050355
vn -6.338571509935049e-7 0.9659258463400359 -0.25881897027050355
vn 0 0.4255197605056093 0.9049491330562447
vn 0 0.4255197605056093 0.9049491330562447
vn 0 0.4255197605056093 0.9049491330562447
vn 0 0.4255197605056069 0.9049491330562458
vn 0 0.4255197605056069 0.9049491330562458
vn 0 0.4255197605056069 0.9049491330562458
vn -0.6964520175890498 -0.013225036952719251 -0.7174814879798231
vn -0.6964520175890498 -0.013225036952719251 -0.7174814879798231
vn -0.6964520175890498 -0.013225036952719251 -0.7174814879798231
vn -0.6964519507938214 -0.013225139493910512 -0.7174815509271631
vn -0.6964519507938214 -0.013225139493910512 -0.7174815509271631
vn -0.6964519507938214 -0.013225139493910512 -0.7174815509271631
vn -0.9917124252508418 0.12409972888941184 -0.03325241183234669
vn -0.9917124252508418 0.12409972888941184 -0.03325241183234669
vn -0.9917124252508418 0.12409972888941184 -0.03325241183234669
vn -0.9917124518689526 0.12409955439272317 -0.03325226920975096
vn -0.9917124518689526 0.12409955439272317 -0.03325226920975096
vn -0.9917124518689526 0.12409955439272317 -0.03325226920975096
vn 0.9917123349957031 0.12410040182459664 -0.03325259214473035
vn 0.9917123349957031 0.12410040182459664 -0.03325259214473035
vn 0.9917123349957031 0.12410040182459664 -0.03325259214473035
vn 0.9917123616141009 0.12410022732699334 -0.03325244952137096
vn 0.9917123616141009 0.12410022732699334 -0.03325244952137096
vn 0.9917123616141009 0.12410022732699334 -0.03325244952137096
vn -0.6964549141807267 0.34728625303142135 0.6279672053291576
vn -0.6964549141807267 0.34728625303142135 0.6279672053291576
vn -0.6964549141807267 0.34728625303142135 0.6279672053291576
vn -0.6964548948491178 0.3472862364392494 0.6279672359451297
vn -0.6964548948491178 0.3472862364392494 0.6279672359451297
vn -0.6964548948491178 0.3472862364392494 0.6279672359451297
vn 0.6964517357302413 -0.013224465803226053 -0.7174817721047367
vn 0.6964517357302413 -0.013224465803226053 -0.7174817721047367
vn 0.6964517357302413 -0.013224465803226053 -0.7174817721047367
vn 0.6964515509268844 -0.01322474950574837 -0.7174819462620977
vn 0.6964515509268844 -0.01322474950574837 -0.7174819462620977
vn 0.6964515509268844 -0.01322474950574837 -0.7174819462620977
vn 0 -0.08396323731310466 -0.9964688528899954
vn 0 -0.08396323731310466 -0.9964688528899954
vn 0 -0.08396323731310466 -0.9964688528899954
vn 0 -0.08396323731310444 -0.9964688528899953
vn 0 -0.08396323731310444 -0.9964688528899953
vn 0 -0.08396323731310444 -0.9964688528899953
vn 0.6964545143155572 0.3472867884402987 0.6279673527057792
vn 0.6964545143155572 0.3472867884402987 0.6279673527057792
vn 0.6964545143155572 0.3472867884402987 0.6279673527057792
vn 0.6964546129922784 0.3472868731338573 0.6279671964288293
vn 0.6964546129922784 0.3472868731338573 0.6279671964288293
vn 0.6964546129922784 0.3472868731338573 0.6279671964288293
vn 0 1 0
vn 0 1 0
vn 0 1 0
vn 0 1 0
vn 0 1 0
vn 0 1 0
vn 0 1 0
vn 0 1 0
vn 0 1 0
vn 0 0.9999999999999999 0
vn 0 0.9999999999999999 0
vn 0 0.9999999999999999 0
vn 0 1 0
vn 0 1 0
vn 0 1 0
vn 0 1 0
vn 0 1 0
vn 0 1 0
vn 0 0 1
vn 0 0 1
vn 0 0 1
vn 0 0 1
vn 0 0 1
vn 0 0 1
vn 0.7051034036059383 0.07521163140620468 -0.7051045317713812
vn 0.7051034036059383 0.07521163140620468 -0.7051045317713812
vn 0.7051034036059383 0.07521163140620468 -0.7051045317713812
vn 0.7051034036059363 0.07521163140620277 -0.7051045317713831
vn 0.7051034036059363 0.07521163140620277 -0.7051045317713831
vn 0.7051034036059363 0.07521163140620277 -0.7051045317713831
vn 0.9943591110610026 0.10606582036628312 0
vn 0.9943591110610026 0.10606582036628312 0
vn 0.9943591110610026 0.10606582036628312 0
vn 0.9943591110610026 0.10606582036628207 0
vn 0.9943591110610026 0.10606582036628207 0
vn 0.9943591110610026 0.10606582036628207 0
vn -0.7051025542915357 0.07521169123382324 -0.7051053747017534
vn -0.7051025542915357 0.07521169123382324 -0.7051053747017534
vn -0.7051025542915357 0.07521169123382324 -0.7051053747017534
vn -0.7051025542915355 0.0752116912338215 -0.7051053747017536
vn -0.7051025542915355 0.0752116912338215 -0.7051053747017536
vn -0.7051025542915355 0.0752116912338215 -0.7051053747017536
vn -0.7051031151842466 0.075211751062976 0.7051048074290175
vn -0.7051031151842466 0.075211751062976 0.7051048074290175
vn -0.7051031151842466 0.075211751062976 0.7051048074290175
vn -0.7051031151842468 0.07521175106297431 0.7051048074290175
vn -0.7051031151842468 0.07521175106297431 0.7051048074290175
vn -0.7051031151842468 0.07521175106297431 0.7051048074290175
vn 0.7051039644979837 0.07521169123516806 0.7051039644979821
vn 0.7051039644979837 0.07521169123516806 0.7051039644979821
vn 0.7051039644979837 0.07521169123516806 0.7051039644979821
vn 0.705103964497982 0.07521169123516618 0.7051039644979842
vn 0.705103964497982 0.07521169123516618 0.7051039644979842
vn 0.705103964497982 0.07521169123516618 0.7051039644979842
vn -0.9943590886881633 0.10606603010976476 0
vn -0.9943590886881633 0.10606603010976476 0
vn -0.9943590886881633 0.10606603010976476 0
vn -0.9943590886881631 0.10606603010976617 0
vn -0.9943590886881631 0.10606603010976617 0
vn -0.9943590886881631 0.10606603010976617 0
vn 0 0 -1
vn 0 0 -1
vn 0 0 -1
vn 0 0 -1
vn 0 0 -1
vn 0 0 -1
vn -0.0000026578522879681085 0.965925846336818 -0.25881897026964173
vn -0.0000026578522879681085 0.965925846336818 -0.25881897026964173
vn -0.0000026578522879681085 0.965925846336818 -0.25881897026964173
vn 7.593853689756046e-8 0.9659257019403216 -0.2588195091779049
vn 7.593853689756046e-8 0.9659257019403216 -0.2588195091779049
vn 7.593853689756046e-8 0.9659257019403216 -0.2588195091779049
vn 0 0.9659257019403238 -0.25881950917790714
vn 0 0.9659257019403238 -0.25881950917790714
vn 0 0.9659257019403238 -0.25881950917790714
vn 0 0.9659257019403238 -0.25881950917790714
vn 0 0.9659257019403238 -0.25881950917790714
vn 0 0.9659257019403238 -0.25881950917790714
vn 0.0000020999358581393274 0.9659257019381945 -0.2588195091773349
vn 0.0000020999358581393274 0.9659257019381945 -0.2588195091773349
vn 0.0000020999358581393274 0.9659257019381945 -0.2588195091773349
vn -6.338565313893061e-7 0.9659258463400366 -0.25881897027050027
vn -6.338565313893061e-7 0.9659258463400366 -0.25881897027050027
vn -6.338565313893061e-7 0.9659258463400366 -0.25881897027050027
vn -0.0000024022723250947577 -0.9659260328805463 0.25881827408024854
vn -0.0000024022723250947577 -0.9659260328805463 0.25881827408024854
vn -0.0000024022723250947577 -0.9659260328805463 0.25881827408024854
vn 0.0000031007926990563094 -0.9659257422052334 0.25881935888888624
vn 0.0000031007926990563094 -0.9659257422052334 0.25881935888888624
vn 0.0000031007926990563094 -0.9659257422052334 0.25881935888888624
vn 0 -0.9659257422098769 0.2588193588901306
vn 0 -0.9659257422098769 0.2588193588901306
vn 0 -0.9659257422098769 0.2588193588901306
vn 0 -0.9659257422098774 0.25881935889012936
vn 0 -0.9659257422098774 0.25881935889012936
vn 0 -0.9659257422098774 0.25881935889012936
vn 0.0000012791974383750528 -0.9659257422090869 0.25881935888991775
vn 0.0000012791974383750528 -0.9659257422090869 0.25881935888991775
vn 0.0000012791974383750528 -0.9659257422090869 0.25881935888991775
vn -0.000004223872849992053 -0.9659260328747162 0.2588182740786884
vn -0.000004223872849992053 -0.9659260328747162 0.2588182740786884
vn -0.000004223872849992053 -0.9659260328747162 0.2588182740786884
vn 0.696454914180726 0.3472862530314222 0.6279672053291576
vn 0.696454914180726 0.3472862530314222 0.6279672053291576
vn 0.696454914180726 0.3472862530314222 0.6279672053291576
vn 0.6964548948491195 0.3472862364392471 0.6279672359451287
vn 0.6964548948491195 0.3472862364392471 0.6279672359451287
vn 0.6964548948491195 0.3472862364392471 0.6279672359451287
vn -0.6964527705736806 -0.013224311222550437 -0.7174807704412247
vn -0.6964527705736806 -0.013224311222550437 -0.7174807704412247
vn -0.6964527705736806 -0.013224311222550437 -0.7174807704412247
vn -0.6964517007063364 -0.013225953637138632 -0.7174817786770894
vn -0.6964517007063364 -0.013225953637138632 -0.7174817786770894
vn -0.6964517007063364 -0.013225953637138632 -0.7174817786770894
vn 0.6964520175890513 -0.01322503695271928 -0.7174814879798218
vn 0.6964520175890513 -0.01322503695271928 -0.7174814879798218
vn 0.6964520175890513 -0.01322503695271928 -0.7174814879798218
vn 0.6964519507938216 -0.013225139493910517 -0.7174815509271628
vn 0.6964519507938216 -0.013225139493910517 -0.7174815509271628
vn 0.6964519507938216 -0.013225139493910517 -0.7174815509271628
vn 0 -0.08396323731310457 -0.9964688528899954
vn 0 -0.08396323731310457 -0.9964688528899954
vn 0 -0.08396323731310457 -0.9964688528899954
vn 0 -0.08396323731310507 -0.9964688528899953
vn 0 -0.08396323731310507 -0.9964688528899953
vn 0 -0.08396323731310507 -0.9964688528899953
vn 0 0.42551976050560947 0.9049491330562446
vn 0 0.42551976050560947 0.9049491330562446
vn 0 0.42551976050560947 0.9049491330562446
vn 0 0.42551976050560825 0.9049491330562451
vn 0 0.42551976050560825 0.9049491330562451
vn 0 0.42551976050560825 0.9049491330562451
vn 0.9917124252508418 0.12409972888941184 -0.033252411832346056
vn 0.9917124252508418 0.12409972888941184 -0.033252411832346056
vn 0.9917124252508418 0.12409972888941184 -0.033252411832346056
vn 0.9917124518689543 0.12409955439271128 -0.03325226920975036
vn 0.9917124518689543 0.12409955439271128 -0.03325226920975036
vn 0.9917124518689543 0.12409955439271128 -0.03325226920975036
vn -0.6964546640936459 0.34728566183658627 0.6279678096406944
vn -0.6964546640936459 0.34728566183658627 0.6279678096406944
vn -0.6964546640936459 0.34728566183658627 0.6279678096406944
vn -0.6964556478321602 0.3472865061710581 0.6279662516681812
vn -0.6964556478321602 0.3472865061710581 0.6279662516681812
vn -0.6964556478321602 0.3472865061710581 0.6279662516681812
vn -0.9917125606326638 0.12409871948628354 -0.03325214136367763
vn -0.9917125606326638 0.12409871948628354 -0.03325214136367763
vn -0.9917125606326638 0.12409871948628354 -0.03325214136367763
vn -0.9917125872503464 0.1240985449909496 -0.03325199874222748
vn -0.9917125872503464 0.1240985449909496 -0.03325199874222748
vn -0.9917125872503464 0.1240985449909496 -0.03325199874222748
vn 0 1 -4.084176889825394e-16
vn 0 1 -4.084176889825394e-16
vn 0 1 -4.084176889825394e-16
vn 0 1 -4.084178098017622e-16
vn 0 1 -4.084178098017622e-16
vn 0 1 -4.084178098017622e-16
vn 0.3055317762318111 -0.7071051983372684 0.6376931646152774
vn 0.3055317762318111 -0.7071051983372684 0.6376931646152774
vn 0.3055317762318111 -0.7071051983372684 0.6376931646152774
vn 0.3055309565209177 -0.707105910309693 0.6376927678847497
vn 0.3055309565209177 -0.707105910309693 0.6376927678847497
vn 0.3055309565209177 -0.707105910309693 0.6376927678847497
vn -0.3055329927280949 0.7071062929334887 -0.6376913680209834
vn -0.3055329927280949 0.7071062929334887 -0.6376913680209834
vn -0.3055329927280949 0.7071062929334887 -0.6376913680209834
vn -0.3055308756809341 0.7071081317197805 -0.6376903433967015
vn -0.3055308756809341 0.7071081317197805 -0.6376903433967015
vn -0.3055308756809341 0.7071081317197805 -0.6376903433967015
vn 0.901829245405407 0 -0.4320925967099116
vn 0.901829245405407 0 -0.4320925967099116
vn 0.901829245405407 0 -0.4320925967099116
vn 0.9018292454054031 0 -0.4320925967099195
vn 0.9018292454054031 0 -0.4320925967099195
vn 0.9018292454054031 0 -0.4320925967099195
vn 0.9018332767244784 0 -0.4320841827611726
vn 0.9018332767244784 0 -0.4320841827611726
vn 0.9018332767244784 0 -0.4320841827611726
vn 0.9018332767244766 0 -0.4320841827611764
vn 0.9018332767244766 0 -0.4320841827611764
vn 0.9018332767244766 0 -0.4320841827611764
vn 0.9018324374666137 0 -0.4320859344309026
vn 0.9018324374666137 0 -0.4320859344309026
vn 0.9018324374666137 0 -0.4320859344309026
vn 0.9018324374666119 0 -0.4320859344309065
vn 0.9018324374666119 0 -0.4320859344309065
vn 0.9018324374666119 0 -0.4320859344309065
vn -0.9018341550768708 0 0.43208234948535734
vn -0.9018341550768708 0 0.43208234948535734
vn -0.9018341550768708 0 0.43208234948535734
vn -0.9018341550768713 0 0.4320823494853565
vn -0.9018341550768713 0 0.4320823494853565
vn -0.9018341550768713 0 0.4320823494853565
vn -0.9018328730551372 0 0.43208502528682563
vn -0.9018328730551372 0 0.43208502528682563
vn -0.9018328730551372 0 0.43208502528682563
vn -0.901832873055136 0 0.432085025286828
vn -0.901832873055136 0 0.432085025286828
vn -0.901832873055136 0 0.432085025286828
vn -0.9018290213599182 0 0.4320930643194962
vn -0.9018290213599182 0 0.4320930643194962
vn -0.9018290213599182 0 0.4320930643194962
vn -0.9018290213599146 0 0.43209306431950384
vn -0.9018290213599146 0 0.43209306431950384
vn -0.9018290213599146 0 0.43209306431950384
vn -0.3055329927280945 -0.7071062929334876 -0.6376913680209849
vn -0.3055329927280945 -0.7071062929334876 -0.6376913680209849
vn -0.3055329927280945 -0.7071062929334876 -0.6376913680209849
vn -0.30553087568093434 -0.707108131719781 -0.6376903433967007
vn -0.30553087568093434 -0.707108131719781 -0.6376903433967007
vn -0.30553087568093434 -0.707108131719781 -0.6376903433967007
vn -0.43208673337407466 0 -0.9018320546765464
vn -0.43208673337407466 0 -0.9018320546765464
vn -0.43208673337407466 0 -0.9018320546765464
vn -0.4320867333740534 0 -0.9018320546765566
vn -0.4320867333740534 0 -0.9018320546765566
vn -0.4320867333740534 0 -0.9018320546765566
vn 0.3055317762318111 0.7071051983372684 0.6376931646152774
vn 0.3055317762318111 0.7071051983372684 0.6376931646152774
vn 0.3055317762318111 0.7071051983372684 0.6376931646152774
vn 0.3055309565209173 0.707105910309692 0.6376927678847513
vn 0.3055309565209173 0.707105910309692 0.6376927678847513
vn 0.3055309565209173 0.707105910309692 0.6376927678847513
vn 0.43208621446579104 0 0.9018323032962516
vn 0.43208621446579104 0 0.9018323032962516
vn 0.43208621446579104 0 0.9018323032962516
vn 0.432086214465802 0 0.9018323032962464
vn 0.432086214465802 0 0.9018323032962464
vn 0.432086214465802 0 0.9018323032962464
vn 0 -1 2.042088444912697e-16
vn 0 -1 2.042088444912697e-16
vn 0 -1 2.042088444912697e-16
vn 0 -1 2.042089049008811e-16
vn 0 -1 2.042089049008811e-16
vn 0 -1 2.042089049008811e-16
vn -0.3055309565209189 -0.7071059103096906 0.637692767884752
vn -0.3055309565209189 -0.7071059103096906 0.637692767884752
vn -0.3055309565209189 -0.7071059103096906 0.637692767884752
vn -0.3055324797679735 -0.707104587269151 0.6376935051180593
vn -0.3055324797679735 -0.707104587269151 0.6376935051180593
vn -0.3055324797679735 -0.707104587269151 0.6376935051180593
vn 0.9018357137342248 0 0.4320790962699788
vn 0.9018357137342248 0 0.4320790962699788
vn 0.9018357137342248 0 0.4320790962699788
vn 0.901835713734225 0 0.43207909626997804
vn 0.901835713734225 0 0.43207909626997804
vn 0.901835713734225 0 0.43207909626997804
vn 0.9018325220020148 0 0.4320857579919584
vn 0.9018325220020148 0 0.4320857579919584
vn 0.9018325220020148 0 0.4320857579919584
vn 0.9018325220020137 0 0.43208575799196086
vn 0.9018325220020137 0 0.43208575799196086
vn 0.9018325220020137 0 0.43208575799196086
vn 0.9018290213599182 0 0.4320930643194962
vn 0.9018290213599182 0 0.4320930643194962
vn 0.9018290213599182 0 0.4320930643194962
vn 0.9018290213599146 0 0.43209306431950384
vn 0.9018290213599146 0 0.43209306431950384
vn 0.9018290213599146 0 0.43209306431950384
vn 0.43208735492430744 0 -0.9018317568784742
vn 0.43208735492430744 0 -0.9018317568784742
vn 0.43208735492430744 0 -0.9018317568784742
vn 0.4320873549242865 0 -0.9018317568784843
vn 0.4320873549242865 0 -0.9018317568784843
vn 0.4320873549242865 0 -0.9018317568784843
vn -0.30553095652091833 0.7071059103096894 0.6376927678847536
vn -0.30553095652091833 0.7071059103096894 0.6376927678847536
vn -0.30553095652091833 0.7071059103096894 0.6376927678847536
vn -0.3055324797679735 0.707104587269151 0.6376935051180593
vn -0.3055324797679735 0.707104587269151 0.6376935051180593
vn -0.3055324797679735 0.707104587269151 0.6376935051180593
vn 0.30553157921557744 0.7071075206574217 -0.6376906838991373
vn 0.30553157921557744 0.7071075206574217 -0.6376906838991373
vn 0.30553157921557744 0.7071075206574217 -0.6376906838991373
vn 0.3055322891937783 0.7071069039974838 -0.6376910275196779
vn 0.3055322891937783 0.7071069039974838 -0.6376910275196779
vn 0.3055322891937783 0.7071069039974838 -0.6376910275196779
vn -0.9018276867051195 0 -0.4320958498899203
vn -0.9018276867051195 0 -0.4320958498899203
vn -0.9018276867051195 0 -0.4320958498899203
vn -0.9018276867051158 0 -0.4320958498899283
vn -0.9018276867051158 0 -0.4320958498899283
vn -0.9018276867051158 0 -0.4320958498899283
vn -0.9018332767244784 0 -0.4320841827611726
vn -0.9018332767244784 0 -0.4320841827611726
vn -0.9018332767244784 0 -0.4320841827611726
vn -0.9018332767244766 0 -0.4320841827611764
vn -0.9018332767244766 0 -0.4320841827611764
vn -0.9018332767244766 0 -0.4320841827611764
vn -0.9018339961468642 0 -0.432082681200922
vn -0.9018339961468642 0 -0.432082681200922
vn -0.9018339961468642 0 -0.432082681200922
vn -0.9018339961468625 0 -0.43208268120092597
vn -0.9018339961468625 0 -0.43208268120092597
vn -0.9018339961468625 0 -0.43208268120092597
vn -0.43208683601562103 0 0.9018320054988123
vn -0.43208683601562103 0 0.9018320054988123
vn -0.43208683601562103 0 0.9018320054988123
vn -0.432086836015632 0 0.901832005498807
vn -0.432086836015632 0 0.901832005498807
vn -0.432086836015632 0 0.901832005498807
vn 0 1 -4.0841706331863954e-16
vn 0 1 -4.0841706331863954e-16
vn 0 1 -4.0841706331863954e-16
vn 0 1 -4.0841768898253673e-16
vn 0 1 -4.0841768898253673e-16
vn 0 1 -4.0841768898253673e-16
vn 0.30553157921557794 -0.7071075206574228 -0.6376906838991357
vn 0.30553157921557794 -0.7071075206574228 -0.6376906838991357
vn 0.30553157921557794 -0.7071075206574228 -0.6376906838991357
vn 0.30553228919377806 -0.7071069039974833 -0.6376910275196787
vn 0.30553228919377806 -0.7071069039974833 -0.6376910275196787
vn 0.30553228919377806 -0.7071069039974833 -0.6376910275196787
vn 0 -1 2.0420853165931977e-16
vn 0 -1 2.0420853165931977e-16
vn 0 -1 2.0420853165931977e-16
vn 0 -1 2.0420884449126836e-16
vn 0 -1 2.0420884449126836e-16
vn 0 -1 2.0420884449126836e-16
vn -0.17156722006895692 0.8260122024352664 0.5369064447609572
vn -0.17156722006895692 0.8260122024352664 0.5369064447609572
vn -0.17156722006895692 0.8260122024352664 0.5369064447609572
vn 0.17156637386441637 0.8260123259931721 0.5369065250733734
vn 0.17156637386441637 0.8260123259931721 0.5369065250733734
vn 0.17156637386441637 0.8260123259931721 0.5369065250733734
vn -0.3876168807216338 0.7865960959828362 -0.4806451243528758
vn -0.3876168807216338 0.7865960959828362 -0.4806451243528758
vn -0.3876168807216338 0.7865960959828362 -0.4806451243528758
vn 0.4280718163630425 0.868691440269501 0.24925830304755356
vn 0.4280718163630425 0.868691440269501 0.24925830304755356
vn 0.4280718163630425 0.868691440269501 0.24925830304755356
vn 0.3876175675379542 0.786597131946517 -0.4806428750636725
vn 0.3876175675379542 0.786597131946517 -0.4806428750636725
vn 0.3876175675379542 0.786597131946517 -0.4806428750636725
vn -0.42807133525048874 0.8686908590857076 0.24926115477105304
vn -0.42807133525048874 0.8686908590857076 0.24926115477105304
vn -0.42807133525048874 0.8686908590857076 0.24926115477105304
vn 0 0.6097116683907411 -0.7926232909952741
vn 0 0.6097116683907411 -0.7926232909952741
vn 0 0.6097116683907411 -0.7926232909952741
vn 0.30438348060310283 0 0.9525495770488486
vn 0.30438348060310283 0 0.9525495770488486
vn 0.30438348060310283 0 0.9525495770488486
vn 0.3043834806031028 0 0.9525495770488487
vn 0.3043834806031028 0 0.9525495770488487
vn 0.3043834806031028 0 0.9525495770488487
vn 0.4420233832012555 0.8970035276983677 0
vn 0.4420233832012555 0.8970035276983677 0
vn 0.4420233832012555 0.8970035276983677 0
vn 0.44202338320125834 0.8970035276983661 0
vn 0.44202338320125834 0.8970035276983661 0
vn 0.44202338320125834 0.8970035276983661 0
vn -0.4420232214217156 0.8970036074197079 0
vn -0.4420232214217156 0.8970036074197079 0
vn -0.4420232214217156 0.8970036074197079 0
vn -0.4420232214217165 0.8970036074197072 0
vn -0.4420232214217165 0.8970036074197072 0
vn -0.4420232214217165 0.8970036074197072 0
vn -1 0 0
vn -1 0 0
vn -1 0 0
vn -1 0 0
vn -1 0 0
vn -1 0 0
vn -0.627752299040916 0 -0.778413162176003
vn -0.627752299040916 0 -0.778413162176003
vn -0.627752299040916 0 -0.778413162176003
vn -0.6277522990409162 0 -0.778413162176003
vn -0.6277522990409162 0 -0.778413162176003
vn -0.6277522990409162 0 -0.778413162176003
vn 0.6277547530609349 0 -0.7784111831220084
vn 0.6277547530609349 0 -0.7784111831220084
vn 0.6277547530609349 0 -0.7784111831220084
vn 0.6277547530609346 0 -0.7784111831220085
vn 0.6277547530609346 0 -0.7784111831220085
vn 0.6277547530609346 0 -0.7784111831220085
vn 0 0 -1
vn 0 0 -1
vn 0 0 -1
vn 0 0 -1
vn 0 0 -1
vn 0 0 -1
vn -0.3043848841101862 0 0.9525491285625265
vn -0.3043848841101862 0 0.9525491285625265
vn -0.3043848841101862 0 0.9525491285625265
vn -0.30438488411018627 0 0.9525491285625265
vn -0.30438488411018627 0 0.9525491285625265
vn -0.30438488411018627 0 0.9525491285625265
vn 0.8641742441045891 0 0.5031926826040518
vn 0.8641742441045891 0 0.5031926826040518
vn 0.8641742441045891 0 0.5031926826040518
vn 0.8641742441045843 0 0.50319268260406
vn 0.8641742441045843 0 0.50319268260406
vn 0.8641742441045843 0 0.50319268260406
vn -0.8641714947883588 0 0.5031974042016251
vn -0.8641714947883588 0 0.5031974042016251
vn -0.8641714947883588 0 0.5031974042016251
vn -0.8641714947883542 0 0.5031974042016332
vn -0.8641714947883542 0 0.5031974042016332
vn -0.8641714947883542 0 0.5031974042016332
vn 1 0 0
vn 1 0 0
vn 1 0 0
vn 1 0 0
vn 1 0 0
vn 1 0 0
vn 0.3876175664461492 0.7865973682654469 -0.4806424891956994
vn 0.3876175664461492 0.7865973682654469 -0.4806424891956994
vn 0.3876175664461492 0.7865973682654469 -0.4806424891956994
vn -0.3876170250879258 0.786596150413059 -0.4806449188510607
vn -0.3876170250879258 0.786596150413059 -0.4806449188510607
vn -0.3876170250879258 0.786596150413059 -0.4806449188510607
vn 0 0.6097119748326325 -0.7926230552700894
vn 0 0.6097119748326325 -0.7926230552700894
vn 0 0.6097119748326325 -0.7926230552700894
vn 0.4280716412868957 0.8686913484147488 0.24925892384287623
vn 0.4280716412868957 0.8686913484147488 0.24925892384287623
vn 0.4280716412868957 0.8686913484147488 0.24925892384287623
vn -0.17156688945282816 0.8260121525760208 0.5369066271151899
vn -0.17156688945282816 0.8260121525760208 0.5369066271151899
vn -0.17156688945282816 0.8260121525760208 0.5369066271151899
vn -0.4280715103270179 0.8686909509414843 0.24926053397745349
vn -0.4280715103270179 0.8686909509414843 0.24926053397745349
vn -0.4280715103270179 0.8686909509414843 0.24926053397745349
vn 0.1715663375808562 0.8260122331570834 0.5369066794927587
vn 0.1715663375808562 0.8260122331570834 0.5369066794927587
vn 0.1715663375808562 0.8260122331570834 0.5369066794927587
vn 0.6277550573582263 0 -0.7784109377193834
vn 0.6277550573582263 0 -0.7784109377193834
vn 0.6277550573582263 0 -0.7784109377193834
vn 0.6277550573582382 0 -0.7784109377193738
vn 0.6277550573582382 0 -0.7784109377193738
vn 0.6277550573582382 0 -0.7784109377193738
vn 1 0 0
vn 1 0 0
vn 1 0 0
vn 1 0 0
vn 1 0 0
vn 1 0 0
vn 0 0 -1
vn 0 0 -1
vn 0 0 -1
vn 0 0 -1
vn 0 0 -1
vn 0 0 -1
vn -1 0 0
vn -1 0 0
vn -1 0 0
vn -1 0 0
vn -1 0 0
vn -1 0 0
vn -0.6277526033385791 0 -0.778412916774662
vn -0.6277526033385791 0 -0.778412916774662
vn -0.6277526033385791 0 -0.778412916774662
vn -0.6277526033385673 0 -0.7784129167746713
vn -0.6277526033385673 0 -0.7784129167746713
vn -0.6277526033385673 0 -0.7784129167746713
vn -0.8641721292466827 0 0.5031963146061931
vn -0.8641721292466827 0 0.5031963146061931
vn -0.8641721292466827 0 0.5031963146061931
vn -0.8641721292466878 0 0.5031963146061843
vn -0.8641721292466878 0 0.5031963146061843
vn -0.8641721292466878 0 0.5031963146061843
vn 0.8641736096477313 0 0.5031937722074974
vn 0.8641736096477313 0 0.5031937722074974
vn 0.8641736096477313 0 0.5031937722074974
vn 0.8641736096477358 0 0.5031937722074892
vn 0.8641736096477358 0 0.5031937722074892
vn 0.8641736096477358 0 0.5031937722074892
vn 0.30438334276219214 0 0.95254962109536
vn 0.30438334276219214 0 0.95254962109536
vn 0.30438334276219214 0 0.95254962109536
vn 0.3043833427622074 0 0.9525496210953551
vn 0.3043833427622074 0 0.9525496210953551
vn 0.3043833427622074 0 0.9525496210953551
vn -0.3043842580920008 0 0.9525493286049717
vn -0.3043842580920008 0 0.9525493286049717
vn -0.3043842580920008 0 0.9525493286049717
vn -0.3043842580919858 0 0.9525493286049764
vn -0.3043842580919858 0 0.9525493286049764
vn -0.3043842580919858 0 0.9525493286049764
vn 0.44202327534821917 0.8970035808459365 0
vn 0.44202327534821917 0.8970035808459365 0
vn 0.44202327534821917 0.8970035808459365 0
vn 0.44202327534822106 0.8970035808459356 0
vn 0.44202327534822106 0.8970035808459356 0
vn 0.44202327534822106 0.8970035808459356 0
vn -0.44202332927473154 0.8970035542721568 0
vn -0.44202332927473154 0.8970035542721568 0
vn -0.44202332927473154 0.8970035542721568 0
vn -0.4420233292747334 0.897003554272156 0
vn -0.4420233292747334 0.897003554272156 0
vn -0.4420233292747334 0.897003554272156 0
vn 0.7071053669687464 0 -0.70710819540152
vn 0.7071053669687464 0 -0.70710819540152
vn 0.7071053669687464 0 -0.70710819540152
vn 0.7071053669687478 0 -0.7071081954015189
vn 0.7071053669687478 0 -0.7071081954015189
vn 0.7071053669687478 0 -0.7071081954015189
vn 0 -1 0
vn 0 -1 0
vn 0 -1 0
vn 0 -1 0
vn 0 -1 0
vn 0 -1 0
vn 0 -1 0
vn 0 -1 0
vn 0 -1 0
vn 0 -0.9999999999999999 0
vn 0 -0.9999999999999999 0
vn 0 -0.9999999999999999 0
vn 0 -1 0
vn 0 -1 0
vn 0 -1 0
vn 0 -1 0
vn 0 -1 0
vn 0 -1 0
vn 0 0 1
vn 0 0 1
vn 0 0 1
vn 0 0 0.9999999999999999
vn 0 0 0.9999999999999999
vn 0 0 0.9999999999999999
vn -0.707106922607859 0 0.7071066397652076
vn -0.707106922607859 0 0.7071066397652076
vn -0.707106922607859 0 0.7071066397652076
vn -0.707106922607871 0 0.7071066397651955
vn -0.707106922607871 0 0.7071066397651955
vn -0.707106922607871 0 0.7071066397651955
vn -1 0 0
vn -1 0 0
vn -1 0 0
vn -1 0 0
vn -1 0 0
vn -1 0 0
vn 0 1 0
vn 0 1 0
vn 0 1 0
vn 0 1 0
vn 0 1 0
vn 0 1 0
vn 0 1 0
vn 0 1 0
vn 0 1 0
vn 0 0.9999999999999999 0
vn 0 0.9999999999999999 0
vn 0 0.9999999999999999 0
vn 0 1 0
vn 0 1 0
vn 0 1 0
vn 0 1 0
vn 0 1 0
vn 0 1 0
vn 1 0 0
vn 1 0 0
vn 1 0 0
vn 1 0 0
vn 1 0 0
vn 1 0 0
vn 0 0 -1
vn 0 0 -1
vn 0 0 -1
vn 0 0 -0.9999999999999999
vn 0 0 -0.9999999999999999
vn 0 0 -0.9999999999999999
vn -0.7071053669687478 0 -0.7071081954015189
vn -0.7071053669687478 0 -0.7071081954015189
vn -0.7071053669687478 0 -0.7071081954015189
vn -0.7071053669687464 0 -0.70710819540152
vn -0.7071053669687464 0 -0.70710819540152
vn -0.7071053669687464 0 -0.70710819540152
vn 0.7071069226078578 0 0.7071066397652089
vn 0.7071069226078578 0 0.7071066397652089
vn 0.7071069226078578 0 0.7071066397652089
vn 0.7071069226078723 0 0.7071066397651944
vn 0.7071069226078723 0 0.7071066397651944
vn 0.7071069226078723 0 0.7071066397651944
vn 0 -1 0
vn 0 -1 0
vn 0 -1 0
vn 0 -1 0
vn 0 -1 0
vn 0 -1 0
vn 0 0.9999999999999999 0
vn 0 0.9999999999999999 0
vn 0 0.9999999999999999 0
vn 0 0.9999999999999999 0
vn 0 0.9999999999999999 0
vn 0 0.9999999999999999 0
vn -1 0 0
vn -1 0 0
vn -1 0 0
vn -1 0 0
vn -1 0 0
vn -1 0 0
vn 0 0.14980560131240975 -0.9887154706058905
vn 0 0.14980560131240975 -0.9887154706058905
vn 0 0.14980560131240975 -0.9887154706058905
vn 0 0.14980560131240964 -0.9887154706058904
vn 0 0.14980560131240964 -0.9887154706058904
vn 0 0.14980560131240964 -0.9887154706058904
vn 1 0 0
vn 1 0 0
vn 1 0 0
vn 1 0 0
vn 1 0 0
vn 1 0 0
vn 0 0.1498058941998033 0.988715426228901
vn 0 0.1498058941998033 0.988715426228901
vn 0 0.1498058941998033 0.988715426228901
vn 0 0.14980589419980406 0.988715426228901
vn 0 0.14980589419980406 0.988715426228901
vn 0 0.14980589419980406 0.988715426228901
vn 0 -1 0
vn 0 -1 0
vn 0 -1 0
vn 0 -1 0
vn 0 -1 0
vn 0 -1 0
vn 0 1 0
vn 0 1 0
vn 0 1 0
vn 0 1 0
vn 0 1 0
vn 0 1 0
vn -1 -2.5688082903731623e-15 0
vn -1 -2.5688082903731623e-15 0
vn -1 -2.5688082903731623e-15 0
vn -1 0 0
vn -1 0 0
vn -1 0 0
vn 0 0.1498056013124098 -0.9887154706058905
vn 0 0.1498056013124098 -0.9887154706058905
vn 0 0.1498056013124098 -0.9887154706058905
vn 0 0.14980560131240966 -0.9887154706058904
vn 0 0.14980560131240966 -0.9887154706058904
vn 0 0.14980560131240966 -0.9887154706058904
vn 1 0 0
vn 1 0 0
vn 1 0 0
vn 1 0 0
vn 1 0 0
vn 1 0 0
vn 0 0.1498058941998039 0.9887154262289009
vn 0 0.1498058941998039 0.9887154262289009
vn 0 0.1498058941998039 0.9887154262289009
vn 0 0.14980589419980378 0.9887154262289011
vn 0 0.14980589419980378 0.9887154262289011
vn 0 0.14980589419980378 0.9887154262289011
vn -0.42164527400725993 0.4999869905764514 0.7564577133995304
vn -0.42164527400725993 0.4999869905764514 0.7564577133995304
vn -0.42164527400725993 0.4999869905764514 0.7564577133995304
vn -0.8537378626115041 -0.4999945974592592 -0.14538591560083777
vn -0.8537378626115041 -0.4999945974592592 -0.14538591560083777
vn -0.8537378626115041 -0.4999945974592592 -0.14538591560083777
vn -0.853738883660889 0.4999933866485078 -0.1453840838373121
vn -0.853738883660889 0.4999933866485078 -0.1453840838373121
vn -0.853738883660889 0.4999933866485078 -0.1453840838373121
vn -0.4216432066751255 -0.499988201366432 0.7564580654332913
vn -0.4216432066751255 -0.499988201366432 0.7564580654332913
vn -0.4216432066751255 -0.499988201366432 0.7564580654332913
vn -0.6564980764956531 -0.6856196826839726 0.3145408181362736
vn -0.6564980764956531 -0.6856196826839726 0.3145408181362736
vn -0.6564980764956531 -0.6856196826839726 0.3145408181362736
vn -0.6564984677104042 -0.6856192906179162 0.31454085621183936
vn -0.6564984677104042 -0.6856192906179162 0.31454085621183936
vn -0.6564984677104042 -0.6856192906179162 0.31454085621183936
vn 0.3055279684666487 -0.7071112641000632 0.6376882629211965
vn 0.3055279684666487 -0.7071112641000632 0.6376882629211965
vn 0.3055279684666487 -0.7071112641000632 0.6376882629211965
vn 0.3055315979550663 -0.7071054647155741 0.6376929546579576
vn 0.3055315979550663 -0.7071054647155741 0.6376929546579576
vn 0.3055315979550663 -0.7071054647155741 0.6376929546579576
vn -0.30553376828935785 0.7071011032624667 -0.6376967509717354
vn -0.30553376828935785 0.7071011032624667 -0.6376967509717354
vn -0.30553376828935785 0.7071011032624667 -0.6376967509717354
vn -0.3055274285410621 0.707111233315599 -0.6376885557448705
vn -0.3055274285410621 0.707111233315599 -0.6376885557448705
vn -0.3055274285410621 0.707111233315599 -0.6376885557448705
vn 0.4320845360354855 0 0.9018331074644572
vn 0.4320845360354855 0 0.9018331074644572
vn 0.4320845360354855 0 0.9018331074644572
vn 0.4320845360354855 0 0.9018331074644572
vn 0.4320845360354855 0 0.9018331074644572
vn 0.4320845360354855 0 0.9018331074644572
vn 0 -0.9999999999999999 0
vn 0 -0.9999999999999999 0
vn 0 -0.9999999999999999 0
vn 0 -0.9999999999999999 3.265407646196235e-16
vn 0 -0.9999999999999999 3.265407646196235e-16
vn 0 -0.9999999999999999 3.265407646196235e-16
vn -0.9527434873008152 0 -0.3037759822729268
vn -0.9527434873008152 0 -0.3037759822729268
vn -0.9527434873008152 0 -0.3037759822729268
vn -0.9527434873008124 0 -0.3037759822729353
vn -0.9527434873008124 0 -0.3037759822729353
vn -0.9527434873008124 0 -0.3037759822729353
vn -0.3602393044130945 0 0.9328599270822869
vn -0.3602393044130945 0 0.9328599270822869
vn -0.3602393044130945 0 0.9328599270822869
vn -0.3602393044131353 0 0.9328599270822712
vn -0.3602393044131353 0 0.9328599270822712
vn -0.3602393044131353 0 0.9328599270822712
vn 0.30552796846664637 0.7071112641000578 0.6376882629212037
vn 0.30552796846664637 0.7071112641000578 0.6376882629212037
vn 0.30552796846664637 0.7071112641000578 0.6376882629212037
vn 0.3055315979550707 0.7071054647155749 0.6376929546579543
vn 0.3055315979550707 0.7071054647155749 0.6376929546579543
vn 0.3055315979550707 0.7071054647155749 0.6376929546579543
vn -0.43208375364909263 0 -0.9018334823194968
vn -0.43208375364909263 0 -0.9018334823194968
vn -0.43208375364909263 0 -0.9018334823194968
vn -0.4320837536490834 0 -0.9018334823195013
vn -0.4320837536490834 0 -0.9018334823195013
vn -0.4320837536490834 0 -0.9018334823195013
vn 0 0.9999999999999999 0
vn 0 0.9999999999999999 0
vn 0 0.9999999999999999 0
vn 0 0.9999999999999999 0
vn 0 0.9999999999999999 0
vn 0 0.9999999999999999 0
vn -0.9018327976561324 0 0.4320851826569771
vn -0.9018327976561324 0 0.4320851826569771
vn -0.9018327976561324 0 0.4320851826569771
vn -0.9018327976561322 0 0.43208518265697743
vn -0.9018327976561322 0 0.43208518265697743
vn -0.9018327976561322 0 0.43208518265697743
vn -0.6565000672792756 0.685617338867148 0.31454177195888794
vn -0.6565000672792756 0.685617338867148 0.31454177195888794
vn -0.6565000672792756 0.685617338867148 0.31454177195888794
vn -0.6565004584929449 0.6856169468000479 0.3145418100334733
vn -0.6565004584929449 0.6856169468000479 0.3145418100334733
vn -0.6565004584929449 0.6856169468000479 0.3145418100334733
vn -0.30553376828936074 -0.707101103262464 -0.637696750971737
vn -0.30553376828936074 -0.707101103262464 -0.637696750971737
vn -0.30553376828936074 -0.707101103262464 -0.637696750971737
vn -0.3055274285410621 -0.707111233315599 -0.6376885557448705
vn -0.3055274285410621 -0.707111233315599 -0.6376885557448705
vn -0.3055274285410621 -0.707111233315599 -0.6376885557448705
vn 0.4216530192409799 0.5000049218013201 0.7564415440332596
vn 0.4216530192409799 0.5000049218013201 0.7564415440332596
vn 0.4216530192409799 0.5000049218013201 0.7564415440332596
vn 0.8537457356749942 -0.49997861365585017 -0.14539465156441364
vn 0.8537457356749942 -0.49997861365585017 -0.14539465156441364
vn 0.8537457356749942 -0.49997861365585017 -0.14539465156441364
vn 0.8537379677589724 0.4999937114496242 -0.14538834519179913
vn 0.8537379677589724 0.4999937114496242 -0.14538834519179913
vn 0.8537379677589724 0.4999937114496242 -0.14538834519179913
vn 0.42165297204057084 -0.4999898238476644 0.7564515498154097
vn 0.42165297204057084 -0.4999898238476644 0.7564515498154097
vn 0.42165297204057084 -0.4999898238476644 0.7564515498154097
vn -0.43208474000590363 0 0.9018330097385161
vn -0.43208474000590363 0 0.9018330097385161
vn -0.43208474000590363 0 0.9018330097385161
vn -0.43208474000591174 0 0.9018330097385125
vn -0.43208474000591174 0 0.9018330097385125
vn -0.43208474000591174 0 0.9018330097385125
vn -0.3055393742174677 -0.7070903091251425 0.6377060337993586
vn -0.3055393742174677 -0.7070903091251425 0.6377060337993586
vn -0.3055393742174677 -0.7070903091251425 0.6377060337993586
vn -0.30553224443447546 -0.7071017017550489 0.6376968174500683
vn -0.30553224443447546 -0.7071017017550489 0.6376968174500683
vn -0.30553224443447546 -0.7071017017550489 0.6376968174500683
vn 0.9527421742303356 0 -0.30378010047212256
vn 0.9527421742303356 0 -0.30378010047212256
vn 0.9527421742303356 0 -0.30378010047212256
vn 0.9527421742303321 0 -0.30378010047213383
vn 0.9527421742303321 0 -0.30378010047213383
vn 0.9527421742303321 0 -0.30378010047213383
vn 0.3602506338847766 0 0.9328555519401793
vn 0.3602506338847766 0 0.9328555519401793
vn 0.3602506338847766 0 0.9328555519401793
vn 0.3602506338848418 0 0.9328555519401542
vn 0.3602506338848418 0 0.9328555519401542
vn 0.3602506338848418 0 0.9328555519401542
vn -0.3055319981780981 0.7071073802016601 0.6376906389101564
vn -0.3055319981780981 0.7071073802016601 0.6376906389101564
vn -0.3055319981780981 0.7071073802016601 0.6376906389101564
vn -0.3055248683295536 0.7071187725565415 0.6376814222872883
vn -0.3055248683295536 0.7071187725565415 0.6376814222872883
vn -0.3055248683295536 0.7071187725565415 0.6376814222872883
vn 0.6564966212323058 0.6856218245574914 0.3145391867494777
vn 0.6564966212323058 0.6856218245574914 0.3145391867494777
vn 0.6564966212323058 0.6856218245574914 0.3145391867494777
vn 0.6564889651479989 0.6856294971907753 0.31453844156292626
vn 0.6564889651479989 0.6856294971907753 0.31453844156292626
vn 0.6564889651479989 0.6856294971907753 0.31453844156292626
vn 0.30552995506579556 0.7071066412407997 -0.6376924372067209
vn 0.30552995506579556 0.7071066412407997 -0.6376924372067209
vn 0.30552995506579556 0.7071066412407997 -0.6376924372067209
vn 0.3055289547279213 0.707108239649359 -0.6376911440837552
vn 0.3055289547279213 0.707108239649359 -0.6376911440837552
vn 0.3055289547279213 0.707108239649359 -0.6376911440837552
vn 0.43208452065008834 0 -0.9018331148358789
vn 0.43208452065008834 0 -0.9018331148358789
vn 0.43208452065008834 0 -0.9018331148358789
vn 0.43208452065008834 0 -0.9018331148358789
vn 0.43208452065008834 0 -0.9018331148358789
vn 0.43208452065008834 0 -0.9018331148358789
vn 0.6565065751148177 -0.6856101054396756 0.3145439558313098
vn 0.6565065751148177 -0.6856101054396756 0.3145439558313098
vn 0.6565065751148177 -0.6856101054396756 0.3145439558313098
vn 0.6564989191372089 -0.6856177781744851 0.3145432107402081
vn 0.6564989191372089 -0.6856177781744851 0.3145432107402081
vn 0.6564989191372089 -0.6856177781744851 0.3145432107402081
vn 0.30553733104042885 -0.7070895701464401 -0.63770783210716
vn 0.30553733104042885 -0.7070895701464401 -0.63770783210716
vn 0.30553733104042885 -0.7070895701464401 -0.63770783210716
vn 0.3055363307117484 -0.7070911685935869 -0.6377065390225795
vn 0.3055363307117484 -0.7070911685935869 -0.6377065390225795
vn 0.3055363307117484 -0.7070911685935869 -0.6377065390225795
vn 0.9018332177404413 0 0.4320843058708815
vn 0.9018332177404413 0 0.4320843058708815
vn 0.9018332177404413 0 0.4320843058708815
vn 0.9018332177404412 0 0.43208430587088187
vn 0.9018332177404412 0 0.43208430587088187
vn 0.9018332177404412 0 0.43208430587088187
vn 0 -1 -3.2653952029878946e-16
vn 0 -1 -3.2653952029878946e-16
vn 0 -1 -3.2653952029878946e-16
vn 0 -0.9999999999999999 -3.265407012209915e-16
vn 0 -0.9999999999999999 -3.265407012209915e-16
vn 0 -0.9999999999999999 -3.265407012209915e-16
vn 0 1 0
vn 0 1 0
vn 0 1 0
vn 0 0.9999999999999999 0
vn 0 0.9999999999999999 0
vn 0 0.9999999999999999 0
vn 0 -1 0
vn 0 -1 0
vn 0 -1 0
vn 0 -1 0
vn 0 -1 0
vn 0 -1 0
vn 0 -1 0
vn 0 -1 0
vn 0 -1 0
vn 0 -1 0
vn 0 -1 0
vn 0 -1 0
vn 0 -1 0
vn 0 -1 0
vn 0 -1 0
vn 0 -1 1.329144221786772e-22
vn 0 -1 1.329144221786772e-22
vn 0 -1 1.329144221786772e-22
vn 0 -1 0
vn 0 -1 0
vn 0 -1 0
vn -0.3000927223428164 -0.16740358544423928 0.9391061694916558
vn -0.3000927223428164 -0.16740358544423928 0.9391061694916558
vn -0.3000927223428164 -0.16740358544423928 0.9391061694916558
vn -0.3000892697492224 -0.16740885631367472 0.9391063331748571
vn -0.3000892697492224 -0.16740885631367472 0.9391063331748571
vn -0.3000892697492224 -0.16740885631367472 0.9391063331748571
vn 0.6181536099081695 -0.17421606050403618 -0.766508237933522
vn 0.6181536099081695 -0.17421606050403618 -0.766508237933522
vn 0.6181536099081695 -0.17421606050403618 -0.766508237933522
vn 0.6181550068227105 -0.17421404347484853 -0.7665075698231284
vn 0.6181550068227105 -0.17421404347484853 -0.7665075698231284
vn 0.6181550068227105 -0.17421404347484853 -0.7665075698231284
vn 0.9934866221560774 -0.11394881130098426 0
vn 0.9934866221560774 -0.11394881130098426 0
vn 0.9934866221560774 -0.11394881130098426 0
vn 0.9934866221560786 -0.1139488113009734 0
vn 0.9934866221560786 -0.1139488113009734 0
vn 0.9934866221560786 -0.1139488113009734 0
vn 0 -0.1754920055505578 -0.9844808560799153
vn 0 -0.1754920055505578 -0.9844808560799153
vn 0 -0.1754920055505578 -0.9844808560799153
vn 0 -0.17549200555055913 -0.9844808560799152
vn 0 -0.17549200555055913 -0.9844808560799152
vn 0 -0.17549200555055913 -0.9844808560799152
vn 0.8552209651242942 -0.14355883879735643 0.497983895939442
vn 0.8552209651242942 -0.14355883879735643 0.497983895939442
vn 0.8552209651242942 -0.14355883879735643 0.497983895939442
vn 0.8552222956084147 -0.14356398115564997 0.4979801285282512
vn 0.8552222956084147 -0.14356398115564997 0.4979801285282512
vn 0.8552222956084147 -0.14356398115564997 0.4979801285282512
vn -0.9934856441250184 -0.11395733814676975 0
vn -0.9934856441250184 -0.11395733814676975 0
vn -0.9934856441250184 -0.11395733814676975 0
vn -0.9934856441250158 -0.11395733814679163 0
vn -0.9934856441250158 -0.11395733814679163 0
vn -0.9934856441250158 -0.11395733814679163 0
vn -0.8552204949623368 -0.1435661040715192 0.49798260889121554
vn -0.8552204949623368 -0.1435661040715192 0.49798260889121554
vn -0.8552204949623368 -0.1435661040715192 0.49798260889121554
vn -0.855219695839387 -0.14356301541605512 0.49798487171101496
vn -0.855219695839387 -0.14356301541605512 0.49798487171101496
vn -0.855219695839387 -0.14356301541605512 0.49798487171101496
vn -0.6181537642089951 -0.17421925172842384 -0.766507388171463
vn -0.6181537642089951 -0.17421925172842384 -0.766507388171463
vn -0.6181537642089951 -0.17421925172842384 -0.766507388171463
vn -0.6181523320482746 -0.17421636902998955 -0.7665091983435595
vn -0.6181523320482746 -0.17421636902998955 -0.7665091983435595
vn -0.6181523320482746 -0.17421636902998955 -0.7665091983435595
vn 0.30009128074116986 -0.16740942265148157 0.9391055896067395
vn 0.30009128074116986 -0.16740942265148157 0.9391055896067395
vn 0.30009128074116986 -0.16740942265148157 0.9391055896067395
vn 0.3000881454145497 -0.16740383812714035 0.9391075870005301
vn 0.3000881454145497 -0.16740383812714035 0.9391075870005301
vn 0.3000881454145497 -0.16740383812714035 0.9391075870005301
vn 0 -1 0
vn 0 -1 0
vn 0 -1 0
vn 0 -1 1.329144221786772e-22
vn 0 -1 1.329144221786772e-22
vn 0 -1 1.329144221786772e-22
vn 0 -1 0
vn 0 -1 0
vn 0 -1 0
vn 0 -1 0
vn 0 -1 0
vn 0 -1 0
vn 0 -1 0
vn 0 -1 0
vn 0 -1 0
vn 0 -1 0
vn 0 -1 0
vn 0 -1 0
vn 0 -1 0
vn 0 -1 0
vn 0 -1 0
vn 0 -0.1754926693161165 -0.9844807377578823
vn 0 -0.1754926693161165 -0.9844807377578823
vn 0 -0.1754926693161165 -0.9844807377578823
vn 0 -0.17549266931611643 -0.9844807377578823
vn 0 -0.17549266931611643 -0.9844807377578823
vn 0 -0.17549266931611643 -0.9844807377578823
vn -0.9934858397369305 -0.11395563277963207 0
vn -0.9934858397369305 -0.11395563277963207 0
vn -0.9934858397369305 -0.11395563277963207 0
vn -0.99348583973693 -0.11395563277963364 0
vn -0.99348583973693 -0.11395563277963364 0
vn -0.99348583973693 -0.11395563277963364 0
vn 0.9934864265555684 -0.11395051667213928 0
vn 0.9934864265555684 -0.11395051667213928 0
vn 0.9934864265555684 -0.11395051667213928 0
vn 0.9934864265555661 -0.11395051667215773 0
vn 0.9934864265555661 -0.11395051667215773 0
vn 0.9934864265555661 -0.11395051667215773 0
vn -0.3000928186712628 -0.16740294695326544 0.9391062525259315
vn -0.3000928186712628 -0.16740294695326544 0.9391062525259315
vn -0.3000928186712628 -0.16740294695326544 0.9391062525259315
vn -0.3000886272704592 -0.16740934571386087 0.9391064512346767
vn -0.3000886272704592 -0.16740934571386087 0.9391064512346767
vn -0.3000886272704592 -0.16740934571386087 0.9391064512346767
vn 0.6181540426062316 -0.17421674510294793 -0.7665077333825847
vn 0.6181540426062316 -0.17421674510294793 -0.7665077333825847
vn 0.6181540426062316 -0.17421674510294793 -0.7665077333825847
vn 0.6181551904987047 -0.17421508764324406 -0.7665071843740063
vn 0.6181551904987047 -0.17421508764324406 -0.7665071843740063
vn 0.6181551904987047 -0.17421508764324406 -0.7665071843740063
vn 0.30009124372753876 -0.16740891354591952 0.93910569218988
vn 0.30009124372753876 -0.16740891354591952 0.93910569218988
vn 0.30009124372753876 -0.16740891354591952 0.93910569218988
vn 0.3000880419486443 -0.1674032106653967 0.9391077319127692
vn 0.3000880419486443 -0.1674032106653967 0.9391077319127692
vn 0.3000880419486443 -0.1674032106653967 0.9391077319127692
vn 0.8552212254159364 -0.14356027731669044 0.49798303422387685
vn 0.8552212254159364 -0.14356027731669044 0.49798303422387685
vn 0.8552212254159364 -0.14356027731669044 0.49798303422387685
vn 0.855221836134768 -0.14356263776157405 0.49798130490733794
vn 0.855221836134768 -0.14356263776157405 0.49798130490733794
vn 0.855221836134768 -0.14356263776157405 0.49798130490733794
vn -0.6181533715827596 -0.1742182063445467 -0.7665079424108767
vn -0.6181533715827596 -0.1742182063445467 -0.7665079424108767
vn -0.6181533715827596 -0.1742182063445467 -0.7665079424108767
vn -0.6181526001003175 -0.17421665348139045 -0.7665089175208348
vn -0.6181526001003175 -0.17421665348139045 -0.7665089175208348
vn -0.6181526001003175 -0.17421665348139045 -0.7665089175208348
vn -0.8552202346784371 -0.14356466555287895 0.49798347061047016
vn -0.8552202346784371 -0.14356466555287895 0.49798347061047016
vn -0.8552202346784371 -0.14356466555287895 0.49798347061047016
vn -0.8552201553147518 -0.14356435880762888 0.4979836953390804
vn -0.8552201553147518 -0.14356435880762888 0.4979836953390804
vn -0.8552201553147518 -0.14356435880762888 0.4979836953390804
vn -1 0 0
vn -1 0 0
vn -1 0 0
vn -1 0 0
vn -1 0 0
vn -1 0 0
vn 1 0 0
vn 1 0 0
vn 1 0 0
vn 1 0 0
vn 1 0 0
vn 1 0 0
vn 0 1 0
vn 0 1 0
vn 0 1 0
vn 0 1 0
vn 0 1 0
vn 0 1 0
vn 0 -1 0
vn 0 -1 0
vn 0 -1 0
vn 0 -1 0
vn 0 -1 0
vn 0 -1 0
vn -0.7071092560646116 -0.7071043062998214 0
vn -0.7071092560646116 -0.7071043062998214 0
vn -0.7071092560646116 -0.7071043062998214 0
vn -0.7071092560646075 -0.7071043062998253 0
vn -0.7071092560646075 -0.7071043062998253 0
vn -0.7071092560646075 -0.7071043062998253 0
vn 0.7071057205271694 0.7071078418443346 0
vn 0.7071057205271694 0.7071078418443346 0
vn 0.7071057205271694 0.7071078418443346 0
vn 0.7071057205271654 0.7071078418443386 0
vn 0.7071057205271654 0.7071078418443386 0
vn 0.7071057205271654 0.7071078418443386 0
vn 0.7071057205271694 -0.7071078418443346 0
vn 0.7071057205271694 -0.7071078418443346 0
vn 0.7071057205271694 -0.7071078418443346 0
vn 0.7071057205271654 -0.7071078418443386 0
vn 0.7071057205271654 -0.7071078418443386 0
vn 0.7071057205271654 -0.7071078418443386 0
vn -0.7071092560646116 0.7071043062998214 0
vn -0.7071092560646116 0.7071043062998214 0
vn -0.7071092560646116 0.7071043062998214 0
vn -0.7071092560646075 0.7071043062998253 0
vn -0.7071092560646075 0.7071043062998253 0
vn -0.7071092560646075 0.7071043062998253 0
vn 0 0 1
vn 0 0 1
vn 0 0 1
vn 0 0 0.9999999999999999
vn 0 0 0.9999999999999999
vn 0 0 0.9999999999999999
vn 0 0 1
vn 0 0 1
vn 0 0 1
vn 0 0 1
vn 0 0 1
vn 0 0 1
vn 0 0 0.9999999999999999
vn 0 0 0.9999999999999999
vn 0 0 0.9999999999999999
vn 0 0 1
vn 0 0 1
vn 0 0 1
vn 1 0 0
vn 1 0 0
vn 1 0 0
vn 1 0 0
vn 1 0 0
vn 1 0 0
vn 0 0 -1
vn 0 0 -1
vn 0 0 -1
vn 0 0 -1
vn 0 0 -1
vn 0 0 -1
vn -0.9601851683796624 0.2793643542467787 0
vn -0.9601851683796624 0.2793643542467787 0
vn -0.9601851683796624 0.2793643542467787 0
vn -0.960185168379661 0.2793643542467829 0
vn -0.960185168379661 0.2793643542467829 0
vn -0.960185168379661 0.2793643542467829 0
vn 0 1 0
vn 0 1 0
vn 0 1 0
vn 0 1 0
vn 0 1 0
vn 0 1 0
vn 0 0.24725322425628396 -0.9689508981856984
vn 0 0.24725322425628396 -0.9689508981856984
vn 0 0.24725322425628396 -0.9689508981856984
vn 0 0.2472532242562837 -0.9689508981856985
vn 0 0.2472532242562837 -0.9689508981856985
vn 0 0.2472532242562837 -0.9689508981856985
vn 0.9601851683796617 0.2793643542467807 0
vn 0.9601851683796617 0.2793643542467807 0
vn 0.9601851683796617 0.2793643542467807 0
vn 0.960185168379661 0.2793643542467829 0
vn 0.960185168379661 0.2793643542467829 0
vn 0.960185168379661 0.2793643542467829 0
vn -1 0 0
vn -1 0 0
vn -1 0 0
vn -1 0 0
vn -1 0 0
vn -1 0 0
vn 0 0 1
vn 0 0 1
vn 0 0 1
vn 0 0 1
vn 0 0 1
vn 0 0 1
vn 0 0 0.9999999999999999
vn 0 0 0.9999999999999999
vn 0 0 0.9999999999999999
vn 0 0 0.9999999999999999
vn 0 0 0.9999999999999999
vn 0 0 0.9999999999999999
vn 1 0 0
vn 1 0 0
vn 1 0 0
vn 1 0 0
vn 1 0 0
vn 1 0 0
vn 0.4320895807937569 0 0.901830690412272
vn 0.4320895807937569 0 0.901830690412272
vn 0.4320895807937569 0 0.901830690412272
vn 0.4320895807937403 0 0.9018306904122801
vn 0.4320895807937403 0 0.9018306904122801
vn 0.4320895807937403 0 0.9018306904122801
vn 0 -1 0
vn 0 -1 0
vn 0 -1 0
vn 0 -1 -4.613542302412716e-16
vn 0 -1 -4.613542302412716e-16
vn 0 -1 -4.613542302412716e-16
vn 0 -1 3.200647534768671e-16
vn 0 -1 3.200647534768671e-16
vn 0 -1 3.200647534768671e-16
vn 0 -1 -1.9630267226009142e-16
vn 0 -1 -1.9630267226009142e-16
vn 0 -1 -1.9630267226009142e-16
vn 0 0 -1
vn 0 0 -1
vn 0 0 -1
vn 0 0 -0.9999999999999999
vn 0 0 -0.9999999999999999
vn 0 0 -0.9999999999999999
vn -0.43208795050357607 0 -0.901831471523155
vn -0.43208795050357607 0 -0.901831471523155
vn -0.43208795050357607 0 -0.901831471523155
vn -0.4320879505035758 0 -0.9018314715231552
vn -0.4320879505035758 0 -0.9018314715231552
vn -0.4320879505035758 0 -0.9018314715231552
vn 0 1 0
vn 0 1 0
vn 0 1 0
vn 0 1 -1.1939741257925135e-15
vn 0 1 -1.1939741257925135e-15
vn 0 1 -1.1939741257925135e-15
vn 0 1 0
vn 0 1 0
vn 0 1 0
vn 0 1 3.9260534452018283e-16
vn 0 1 3.9260534452018283e-16
vn 0 1 3.9260534452018283e-16
vn 0 0 1
vn 0 0 1
vn 0 0 1
vn 0 0 1
vn 0 0 1
vn 0 0 1
vn 0 0 1
vn 0 0 1
vn 0 0 1
vn 0 0 -1
vn 0 0 -1
vn 0 0 -1
vn -0.8944271909999189 0.4472135954999523 0
vn -0.8944271909999189 0.4472135954999523 0
vn -0.8944271909999189 0.4472135954999523 0
vn -0.8944271909999131 0.44721359549996365 0
vn -0.8944271909999131 0.44721359549996365 0
vn -0.8944271909999131 0.44721359549996365 0
vn 0.25517948622315123 0.9668937014020148 0
vn 0.25517948622315123 0.9668937014020148 0
vn 0.25517948622315123 0.9668937014020148 0
vn 0.25517948622315123 0.9668937014020148 0
vn 0.25517948622315123 0.9668937014020148 0
vn 0.25517948622315123 0.9668937014020148 0
vn 0 -1 1.9630232249099654e-16
vn 0 -1 1.9630232249099654e-16
vn 0 -1 1.9630232249099654e-16
vn 0 -1 0
vn 0 -1 0
vn 0 -1 0
vn 0 -1 -3.460153297835901e-16
vn 0 -1 -3.460153297835901e-16
vn 0 -1 -3.460153297835901e-16
vn 0 -1 0
vn 0 -1 0
vn 0 -1 0
vn 0 0 -0.9999999999999999
vn 0 0 -0.9999999999999999
vn 0 0 -0.9999999999999999
vn 0 0 -1
vn 0 0 -1
vn 0 0 -1
vn 0.43208972238704324 0 -0.9018306225713829
vn 0.43208972238704324 0 -0.9018306225713829
vn 0.43208972238704324 0 -0.9018306225713829
vn 0.432089722387054 0 -0.9018306225713777
vn 0.432089722387054 0 -0.9018306225713777
vn 0.432089722387054 0 -0.9018306225713777
vn -1 0 0
vn -1 0 0
vn -1 0 0
vn -1 0 0
vn -1 0 0
vn -1 0 0
vn -0.43208584497491076 0 0.9018324803267609
vn -0.43208584497491076 0 0.9018324803267609
vn -0.43208584497491076 0 0.9018324803267609
vn -0.43208584497489405 0 0.9018324803267688
vn -0.43208584497489405 0 0.9018324803267688
vn -0.43208584497489405 0 0.9018324803267688
vn 0 1 0
vn 0 1 0
vn 0 1 0
vn 0 1 0
vn 0 1 0
vn 0 1 0
vn 0 1 -2.3067688652239343e-16
vn 0 1 -2.3067688652239343e-16
vn 0 1 -2.3067688652239343e-16
vn 0 1 0
vn 0 1 0
vn 0 1 0
vn 0 0 0.9999999999999999
vn 0 0 0.9999999999999999
vn 0 0 0.9999999999999999
vn 0 0 1
vn 0 0 1
vn 0 0 1
vn 0 0 -1
vn 0 0 -1
vn 0 0 -1
vn 0 0 1
vn 0 0 1
vn 0 0 1
vn 0.8944271909999159 0.4472135954999579 0
vn 0.8944271909999159 0.4472135954999579 0
vn 0.8944271909999159 0.4472135954999579 0
vn 0.8944271909999159 0.4472135954999579 0
vn 0.8944271909999159 0.4472135954999579 0
vn 0.8944271909999159 0.4472135954999579 0
vn -0.25517948622315123 0.9668937014020148 0
vn -0.25517948622315123 0.9668937014020148 0
vn -0.25517948622315123 0.9668937014020148 0
vn -0.25517948622315123 0.9668937014020148 0
vn -0.25517948622315123 0.9668937014020148 0
vn -0.25517948622315123 0.9668937014020148 0
vn -1 0 0
vn -1 0 0
vn -1 0 0
vn -1 0 0
vn -1 0 0
vn -1 0 0
vn 0.9811126896632291 -0.19343704449196059 0
vn 0.9811126896632291 -0.19343704449196059 0
vn 0.9811126896632291 -0.19343704449196059 0
vn 0.9811126896632288 -0.19343704449196086 0
vn 0.9811126896632288 -0.19343704449196086 0
vn 0.9811126896632288 -0.19343704449196086 0
vn 0 -1 0
vn 0 -1 0
vn 0 -1 0
vn 0 -0.9999999999999999 0
vn 0 -0.9999999999999999 0
vn 0 -0.9999999999999999 0
vn 0 -0.1934370631118668 0.9811126859921117
vn 0 -0.1934370631118668 0.9811126859921117
vn 0 -0.1934370631118668 0.9811126859921117
vn 0 -0.1934370631118668 0.9811126859921117
vn 0 -0.1934370631118668 0.9811126859921117
vn 0 -0.1934370631118668 0.9811126859921117
vn 0 1 0
vn 0 1 0
vn 0 1 0
vn 0 1 0
vn 0 1 0
vn 0 1 0
vn 0 -0.19343704449196417 -0.9811126896632282
vn 0 -0.19343704449196417 -0.9811126896632282
vn 0 -0.19343704449196417 -0.9811126896632282
vn 0 -0.19343704449196417 -0.9811126896632282
vn 0 -0.19343704449196417 -0.9811126896632282
vn 0 -0.19343704449196417 -0.9811126896632282
vn 1 0 0
vn 1 0 0
vn 1 0 0
vn 1 0 0
vn 1 0 0
vn 1 0 0
vn -0.9811126896632291 -0.19343704449196059 0
vn -0.9811126896632291 -0.19343704449196059 0
vn -0.9811126896632291 -0.19343704449196059 0
vn -0.9811126896632283 -0.19343704449196442 0
vn -0.9811126896632283 -0.19343704449196442 0
vn -0.9811126896632283 -0.19343704449196442 0
vn 0 1 0
vn 0 1 0
vn 0 1 0
vn 0 1 0
vn 0 1 0
vn 0 1 0
vn 0 -0.19343706311186465 0.981112685992112
vn 0 -0.19343706311186465 0.981112685992112
vn 0 -0.19343706311186465 0.981112685992112
vn 0 -0.193437063111867 0.9811126859921115
vn 0 -0.193437063111867 0.9811126859921115
vn 0 -0.193437063111867 0.9811126859921115
vn 0 -0.19343704449196414 -0.9811126896632281
vn 0 -0.19343704449196414 -0.9811126896632281
vn 0 -0.19343704449196414 -0.9811126896632281
vn 0 -0.1934370444919641 -0.9811126896632282
vn 0 -0.1934370444919641 -0.9811126896632282
vn 0 -0.1934370444919641 -0.9811126896632282
vn 0 -1 0
vn 0 -1 0
vn 0 -1 0
vn 0 -1 0
vn 0 -1 0
vn 0 -1 0
vn 1 0 0
vn 1 0 0
vn 1 0 0
vn 1 0 0
vn 1 0 0
vn 1 0 0
vn 1 -1.5651967517262701e-15 0
vn 1 -1.5651967517262701e-15 0
vn 1 -1.5651967517262701e-15 0
vn 1 3.5010998786690836e-15 0
vn 1 3.5010998786690836e-15 0
vn 1 3.5010998786690836e-15 0
vn 1 0 0
vn 1 0 0
vn 1 0 0
vn 1 0 0
vn 1 0 0
vn 1 0 0
vn 1 0 0
vn 1 0 0
vn 1 0 0
vn -1 0 0
vn -1 0 0
vn -1 0 0
vn -1 0 0
vn -1 0 0
vn -1 0 0
vn -1 -1.1109227145596358e-15 0
vn -1 -1.1109227145596358e-15 0
vn -1 -1.1109227145596358e-15 0
vn -1 3.5010998786690836e-15 0
vn -1 3.5010998786690836e-15 0
vn -1 3.5010998786690836e-15 0
vn -1 0 0
vn -1 0 0
vn -1 0 0
vn -1 0 0
vn -1 0 0
vn -1 0 0
vn -1 0 0
vn -1 0 0
vn -1 0 0
vn -0.4862144741959274 0.7260785250513194 0.4862154466300699
vn -0.4862144741959274 0.7260785250513194 0.4862154466300699
vn -0.4862144741959274 0.7260785250513194 0.4862154466300699
vn -0.4862152167417245 0.7260781817529048 0.48621521674171564
vn -0.4862152167417245 0.7260781817529048 0.48621521674171564
vn -0.4862152167417245 0.7260781817529048 0.48621521674171564
vn 0 0.6491184693979033 0.7606873291218431
vn 0 0.6491184693979033 0.7606873291218431
vn 0 0.6491184693979033 0.7606873291218431
vn 0 0.6491184693979063 0.7606873291218406
vn 0 0.6491184693979063 0.7606873291218406
vn 0 0.6491184693979063 0.7606873291218406
vn -0.4862141256379424 0.7260785577465407 -0.4862157463624914
vn -0.4862141256379424 0.7260785577465407 -0.4862157463624914
vn -0.4862141256379424 0.7260785577465407 -0.4862157463624914
vn -0.4862153632149713 0.7260779855824473 -0.4862153632149742
vn -0.4862153632149713 0.7260779855824473 -0.4862153632149742
vn -0.4862153632149713 0.7260779855824473 -0.4862153632149742
vn -0.7606873291218414 0.6491184693979051 0
vn -0.7606873291218414 0.6491184693979051 0
vn -0.7606873291218414 0.6491184693979051 0
vn -0.7606873291218417 0.649118469397905 0
vn -0.7606873291218417 0.649118469397905 0
vn -0.7606873291218417 0.649118469397905 0
vn 0.7606873291218414 0.6491184693979051 0
vn 0.7606873291218414 0.6491184693979051 0
vn 0.7606873291218414 0.6491184693979051 0
vn 0.7606873291218417 0.649118469397905 0
vn 0.7606873291218417 0.649118469397905 0
vn 0.7606873291218417 0.649118469397905 0
vn 0.4862153632149733 0.7260779855824444 -0.4862153632149762
vn 0.4862153632149733 0.7260779855824444 -0.4862153632149762
vn 0.4862153632149733 0.7260779855824444 -0.4862153632149762
vn 0.48621536321498027 0.7260779855824435 -0.48621536321497044
vn 0.48621536321498027 0.7260779855824435 -0.48621536321497044
vn 0.48621536321498027 0.7260779855824435 -0.48621536321497044
vn 0 0.9999999999999999 0
vn 0 0.9999999999999999 0
vn 0 0.9999999999999999 0
vn 0 0.9999999999999999 0
vn 0 0.9999999999999999 0
vn 0 0.9999999999999999 0
vn 0 1 0
vn 0 1 0
vn 0 1 0
vn 0 1 0
vn 0 1 0
vn 0 1 0
vn 0 1 0
vn 0 1 0
vn 0 1 0
vn 0 1 0
vn 0 1 0
vn 0 1 0
vn 0 0.6491184693979033 -0.7606873291218431
vn 0 0.6491184693979033 -0.7606873291218431
vn 0 0.6491184693979033 -0.7606873291218431
vn 0 0.6491184693979063 -0.7606873291218406
vn 0 0.6491184693979063 -0.7606873291218406
vn 0 0.6491184693979063 -0.7606873291218406
vn 0.4862152167417265 0.726078181752902 0.4862152167417177
vn 0.4862152167417265 0.726078181752902 0.4862152167417177
vn 0.4862152167417265 0.726078181752902 0.4862152167417177
vn 0.48621571177330336 0.7260779528864273 0.48621506348223603
vn 0.48621571177330336 0.7260779528864273 0.48621506348223603
vn 0.48621571177330336 0.7260779528864273 0.48621506348223603
vn 0.7071067811865458 0 -0.7071067811865492
vn 0.7071067811865458 0 -0.7071067811865492
vn 0.7071067811865458 0 -0.7071067811865492
vn 0.7071067811865458 0 -0.7071067811865492
vn 0.7071067811865458 0 -0.7071067811865492
vn 0.7071067811865458 0 -0.7071067811865492
vn 0 0 -1
vn 0 0 -1
vn 0 0 -1
vn 0 0 -1
vn 0 0 -1
vn 0 0 -1
vn -0.7071067811865458 0 -0.7071067811865492
vn -0.7071067811865458 0 -0.7071067811865492
vn -0.7071067811865458 0 -0.7071067811865492
vn -0.7071067811865458 0 -0.7071067811865492
vn -0.7071067811865458 0 -0.7071067811865492
vn -0.7071067811865458 0 -0.7071067811865492
vn 0 -1 0
vn 0 -1 0
vn 0 -1 0
vn 0 -0.9999999999999999 0
vn 0 -0.9999999999999999 0
vn 0 -0.9999999999999999 0
vn 0 -1 0
vn 0 -1 0
vn 0 -1 0
vn 0 -1 0
vn 0 -1 0
vn 0 -1 0
vn 0 0 1
vn 0 0 1
vn 0 0 1
vn 0 0 1
vn 0 0 1
vn 0 0 1
vn 0 -1 0
vn 0 -1 0
vn 0 -1 0
vn 0 -1 0
vn 0 -1 0
vn 0 -1 0
vn 0 -0.9365267804868753 0.3505960487953164
vn 0 -0.9365267804868753 0.3505960487953164
vn 0 -0.9365267804868753 0.3505960487953164
vn 0 -0.9365267804868762 0.3505960487953145
vn 0 -0.9365267804868762 0.3505960487953145
vn 0 -0.9365267804868762 0.3505960487953145
vn 0 -0.3101309809144235 0.9506938385605838
vn 0 -0.3101309809144235 0.9506938385605838
vn 0 -0.3101309809144235 0.9506938385605838
vn 0 -0.3101309809144225 0.9506938385605842
vn 0 -0.3101309809144225 0.9506938385605842
vn 0 -0.3101309809144225 0.9506938385605842
vn 0 0 1
vn 0 0 1
vn 0 0 1
vn 0 0 1
vn 0 0 1
vn 0 0 1
vn 0.70710678118655 0 0.707106781186545
vn 0.70710678118655 0 0.707106781186545
vn 0.70710678118655 0 0.707106781186545
vn 0.70710678118655 0 0.707106781186545
vn 0.70710678118655 0 0.707106781186545
vn 0.70710678118655 0 0.707106781186545
vn 0 0 1
vn 0 0 1
vn 0 0 1
vn 0 0 1
vn 0 0 1
vn 0 0 1
vn 0 0 1
vn 0 0 1
vn 0 0 1
vn 0 0 1.1368683772161603e-13
vn 0 0 1.1368683772161603e-13
vn 0 0 1.1368683772161603e-13
vn 0 0 1
vn 0 0 1
vn 0 0 1
vn 0 0 1
vn 0 0 1
vn 0 0 1
vn 0 0 1
vn 0 0 1
vn 0 0 1
vn 0 0 1
vn 0 0 1
vn 0 0 1
vn 0 0 1
vn 0 0 1
vn 0 0 1
vn 0 0 1
vn 0 0 1
vn 0 0 1
vn 0 0 1
vn 0 0 1
vn 0 0 1
vn 0 0 1
vn 0 0 1
vn 0 0 1
vn 0 0 0.9999999999999999
vn 0 0 0.9999999999999999
vn 0 0 0.9999999999999999
vn -0.70710678118655 0 0.707106781186545
vn -0.70710678118655 0 0.707106781186545
vn -0.70710678118655 0 0.707106781186545
vn -0.70710678118655 0 0.707106781186545
vn -0.70710678118655 0 0.707106781186545
vn -0.70710678118655 0 0.707106781186545
vn 0 0 0.9999999999999999
vn 0 0 0.9999999999999999
vn 0 0 0.9999999999999999
vn 0 0 1
vn 0 0 1
vn 0 0 1
vn 0 0 1
vn 0 0 1
vn 0 0 1
vn 0 0 1
vn 0 0 1
vn 0 0 1
vn 1.1597688957468145e-14 0 1
vn 1.1597688957468145e-14 0 1
vn 1.1597688957468145e-14 0 1
vn 6.235284028902917e-15 0 1
vn 6.235284028902917e-15 0 1
vn 6.235284028902917e-15 0 1
vn 0 0 0.9999999999999999
vn 0 0 0.9999999999999999
vn 0 0 0.9999999999999999
vn 0 0 1
vn 0 0 1
vn 0 0 1
vn 0 0 1
vn 0 0 1
vn 0 0 1
vn 0 0 1
vn 0 0 1
vn 0 0 1
vn -6.2352342586621875e-15 0 1
vn -6.2352342586621875e-15 0 1
vn -6.2352342586621875e-15 0 1
vn -1.1597567082088142e-14 0 1
vn -1.1597567082088142e-14 0 1
vn -1.1597567082088142e-14 0 1
vn 0 0 0.9999999999999999
vn 0 0 0.9999999999999999
vn 0 0 0.9999999999999999
vn 0 0 1
vn 0 0 1
vn 0 0 1
vn 0 0 1
vn 0 0 1
vn 0 0 1
vn 0 0 1
vn 0 0 1
vn 0 0 1
vn -0.49999744310993754 0.7071095497125277 0.49999864158702595
vn -0.49999744310993754 0.7071095497125277 0.49999864158702595
vn -0.49999744310993754 0.7071095497125277 0.49999864158702595
vn -0.49999744310993843 -0.7071095497125289 0.49999864158702323
vn -0.49999744310993843 -0.7071095497125289 0.49999864158702323
vn -0.49999744310993843 -0.7071095497125289 0.49999864158702323
vn 0.49999744310993754 0.7071095497125277 0.49999864158702595
vn 0.49999744310993754 0.7071095497125277 0.49999864158702595
vn 0.49999744310993754 0.7071095497125277 0.49999864158702595
vn 0.49999744310993843 -0.7071095497125289 0.49999864158702323
vn 0.49999744310993843 -0.7071095497125289 0.49999864158702323
vn 0.49999744310993843 -0.7071095497125289 0.49999864158702323
vn 0.7071059337314672 0 0.7071076286406123
vn 0.7071059337314672 0 0.7071076286406123
vn 0.7071059337314672 0 0.7071076286406123
vn 0.7071059337314666 0 0.7071076286406129
vn 0.7071059337314666 0 0.7071076286406129
vn 0.7071059337314666 0 0.7071076286406129
vn 0.7071023319999993 0 0.7071112303451013
vn 0.7071023319999993 0 0.7071112303451013
vn 0.7071023319999993 0 0.7071112303451013
vn 0.7071023319999985 0 0.7071112303451017
vn 0.7071023319999985 0 0.7071112303451017
vn 0.7071023319999985 0 0.7071112303451017
vn 0.7071059337314564 0 0.7071076286406232
vn 0.7071059337314564 0 0.7071076286406232
vn 0.7071059337314564 0 0.7071076286406232
vn 0.7071059337314672 0 0.7071076286406123
vn 0.7071059337314672 0 0.7071076286406123
vn 0.7071059337314672 0 0.7071076286406123
vn 0 1 0
vn 0 1 0
vn 0 1 0
vn 0 1 0
vn 0 1 0
vn 0 1 0
vn 0 1 0
vn 0 1 0
vn 0 1 0
vn 0 -1 0
vn 0 -1 0
vn 0 -1 0
vn 0 -1 0
vn 0 -1 0
vn 0 -1 0
vn 0 -1 0
vn 0 -1 0
vn 0 -1 0
vn -0.7071080523710717 0 -0.707105509999738
vn -0.7071080523710717 0 -0.707105509999738
vn -0.7071080523710717 0 -0.707105509999738
vn -0.7071080523710833 0 -0.7071055099997264
vn -0.7071080523710833 0 -0.7071055099997264
vn -0.7071080523710833 0 -0.7071055099997264
vn -0.7071057218672038 0 -0.7071078405043044
vn -0.7071057218672038 0 -0.7071078405043044
vn -0.7071057218672038 0 -0.7071078405043044
vn -0.7071057218672234 0 -0.7071078405042845
vn -0.7071057218672234 0 -0.7071078405042845
vn -0.7071057218672234 0 -0.7071078405042845
vn 0.7071058277993539 0 -0.7071077345724555
vn 0.7071058277993539 0 -0.7071077345724555
vn 0.7071058277993539 0 -0.7071077345724555
vn 0.7071058277993527 0 -0.7071077345724568
vn 0.7071058277993527 0 -0.7071077345724568
vn 0.7071058277993527 0 -0.7071077345724568
vn 0.4999973682050259 0.7071095497123944 -0.49999871649193517
vn 0.4999973682050259 0.7071095497123944 -0.49999871649193517
vn 0.4999973682050259 0.7071095497123944 -0.49999871649193517
vn 0.499998866308017 0.7071084903967219 -0.4999987164979196
vn 0.499998866308017 0.7071084903967219 -0.4999987164979196
vn 0.499998866308017 0.7071084903967219 -0.4999987164979196
vn 0.4999973682050249 -0.707109549712393 -0.49999871649193783
vn 0.4999973682050249 -0.707109549712393 -0.49999871649193783
vn 0.4999973682050249 -0.707109549712393 -0.49999871649193783
vn 0.499998866308017 -0.7071084903967219 -0.4999987164979196
vn 0.499998866308017 -0.7071084903967219 -0.4999987164979196
vn 0.499998866308017 -0.7071084903967219 -0.4999987164979196
vn 0 1 0
vn 0 1 0
vn 0 1 0
vn 0 1 0
vn 0 1 0
vn 0 1 0
vn 0 1 0
vn 0 1 0
vn 0 1 0
vn -0.7071059337314659 0 0.7071076286406135
vn -0.7071059337314659 0 0.7071076286406135
vn -0.7071059337314659 0 0.7071076286406135
vn -0.7071059337314671 0 0.7071076286406123
vn -0.7071059337314671 0 0.7071076286406123
vn -0.7071059337314671 0 0.7071076286406123
vn -0.7071023319999993 0 0.7071112303451013
vn -0.7071023319999993 0 0.7071112303451013
vn -0.7071023319999993 0 0.7071112303451013
vn -0.7071023319999985 0 0.7071112303451017
vn -0.7071023319999985 0 0.7071112303451017
vn -0.7071023319999985 0 0.7071112303451017
vn -0.7071059337314564 0 0.7071076286406232
vn -0.7071059337314564 0 0.7071076286406232
vn -0.7071059337314564 0 0.7071076286406232
vn -0.7071059337314672 0 0.7071076286406123
vn -0.7071059337314672 0 0.7071076286406123
vn -0.7071059337314672 0 0.7071076286406123
vn -0.7071058277993539 0 -0.7071077345724555
vn -0.7071058277993539 0 -0.7071077345724555
vn -0.7071058277993539 0 -0.7071077345724555
vn -0.7071058277993527 0 -0.7071077345724568
vn -0.7071058277993527 0 -0.7071077345724568
vn -0.7071058277993527 0 -0.7071077345724568
vn 0.7071080523710717 0 -0.707105509999738
vn 0.7071080523710717 0 -0.707105509999738
vn 0.7071080523710717 0 -0.707105509999738
vn 0.7071080523710833 0 -0.7071055099997264
vn 0.7071080523710833 0 -0.7071055099997264
vn 0.7071080523710833 0 -0.7071055099997264
vn 0.707105721867203 0 -0.707107840504305
vn 0.707105721867203 0 -0.707107840504305
vn 0.707105721867203 0 -0.707107840504305
vn 0.7071057218672241 0 -0.707107840504284
vn 0.7071057218672241 0 -0.707107840504284
vn 0.7071057218672241 0 -0.707107840504284
vn -0.4999988663080144 0.7071084903967253 -0.49999871649791694
vn -0.4999988663080144 0.7071084903967253 -0.49999871649791694
vn -0.4999988663080144 0.7071084903967253 -0.49999871649791694
vn -0.4999973682050259 0.7071095497123944 -0.49999871649193517
vn -0.4999973682050259 0.7071095497123944 -0.49999871649193517
vn -0.4999973682050259 0.7071095497123944 -0.49999871649193517
vn 0 -1 0
vn 0 -1 0
vn 0 -1 0
vn 0 -1 0
vn 0 -1 0
vn 0 -1 0
vn 0 -1 0
vn 0 -1 0
vn 0 -1 0
vn -0.4999988663080144 -0.7071084903967253 -0.49999871649791694
vn -0.4999988663080144 -0.7071084903967253 -0.49999871649791694
vn -0.4999988663080144 -0.7071084903967253 -0.49999871649791694
vn -0.4999973682050249 -0.707109549712393 -0.49999871649193783
vn -0.4999973682050249 -0.707109549712393 -0.49999871649193783
vn -0.4999973682050249 -0.707109549712393 -0.49999871649193783
vn -0.7606859615709024 0.649120071996662 0
vn -0.7606859615709024 0.649120071996662 0
vn -0.7606859615709024 0.649120071996662 0
vn -0.7606859615709068 0.6491200719966567 0
vn -0.7606859615709068 0.6491200719966567 0
vn -0.7606859615709068 0.6491200719966567 0
vn -0.9238775570962638 -0.38268820140401444 0
vn -0.9238775570962638 -0.38268820140401444 0
vn -0.9238775570962638 -0.38268820140401444 0
vn -0.9238775570962707 -0.38268820140399795 0
vn -0.9238775570962707 -0.38268820140399795 0
vn -0.9238775570962707 -0.38268820140399795 0
vn -0.6532804805920617 -0.3826875791287343 -0.6532800551509235
vn -0.6532804805920617 -0.3826875791287343 -0.6532800551509235
vn -0.6532804805920617 -0.3826875791287343 -0.6532800551509235
vn -0.6532801604416868 -0.38268794591229865 -0.6532801604416816
vn -0.6532801604416868 -0.38268794591229865 -0.6532801604416816
vn -0.6532801604416868 -0.38268794591229865 -0.6532801604416816
vn 0 0.6491200719966594 -0.7606859615709046
vn 0 0.6491200719966594 -0.7606859615709046
vn 0 0.6491200719966594 -0.7606859615709046
vn 0 0.649120071996658 -0.7606859615709057
vn 0 0.649120071996658 -0.7606859615709057
vn 0 0.649120071996658 -0.7606859615709057
vn -0.48621356498648083 0.7260806109864021 -0.48621324084474526
vn -0.48621356498648083 0.7260806109864021 -0.48621324084474526
vn -0.48621356498648083 0.7260806109864021 -0.48621324084474526
vn -0.4862133174729713 0.7260807254182255 -0.4862133174729698
vn -0.4862133174729713 0.7260807254182255 -0.4862133174729698
vn -0.4862133174729713 0.7260807254182255 -0.4862133174729698
vn 0 1 0
vn 0 1 0
vn 0 1 0
vn 0 1 0
vn 0 1 0
vn 0 1 0
vn 0 1 0
vn 0 1 0
vn 0 1 0
vn 0 0.9999999999999999 0
vn 0 0.9999999999999999 0
vn 0 0.9999999999999999 0
vn 0 0.9999999999999999 0
vn 0 0.9999999999999999 0
vn 0 0.9999999999999999 0
vn 0 1 0
vn 0 1 0
vn 0 1 0
vn 0.7606859615709038 0.6491200719966601 0
vn 0.7606859615709038 0.6491200719966601 0
vn 0.7606859615709038 0.6491200719966601 0
vn 0.7606859615709068 0.6491200719966567 0
vn 0.7606859615709068 0.6491200719966567 0
vn 0.7606859615709068 0.6491200719966567 0
vn 0 0.6491191329729962 0.760686762871805
vn 0 0.6491191329729962 0.760686762871805
vn 0 0.6491191329729962 0.760686762871805
vn 0 0.6491191329729952 0.7606867628718057
vn 0 0.6491191329729952 0.7606867628718057
vn 0 0.6491191329729952 0.7606867628718057
vn 0.3826928208824952 -0.9238756436041589 0
vn 0.3826928208824952 -0.9238756436041589 0
vn 0.3826928208824952 -0.9238756436041589 0
vn 0.38269282088249595 -0.9238756436041583 0
vn 0.38269282088249595 -0.9238756436041583 0
vn 0.38269282088249595 -0.9238756436041583 0
vn 0.4862125357681909 0.7260809583690737 0.48621375130256533
vn 0.4862125357681909 0.7260809583690737 0.48621375130256533
vn 0.4862125357681909 0.7260809583690737 0.48621375130256533
vn 0.48621457775657645 0.7260800143055086 0.4862131191186707
vn 0.48621457775657645 0.7260800143055086 0.4862131191186707
vn 0.48621457775657645 0.7260800143055086 0.4862131191186707
vn 0.9238775570962675 -0.38268820140400606 0
vn 0.9238775570962675 -0.38268820140400606 0
vn 0.9238775570962675 -0.38268820140400606 0
vn 0.9238775570962688 -0.3826882014040024 0
vn 0.9238775570962688 -0.3826882014040024 0
vn 0.9238775570962688 -0.3826882014040024 0
vn 0.2706060034095414 -0.9238757337700441 -0.2706030662604878
vn 0.2706060034095414 -0.9238757337700441 -0.2706030662604878
vn 0.2706060034095414 -0.9238757337700441 -0.2706030662604878
vn 0.27060037031019485 -0.923877546696354 -0.27060250977829375
vn 0.27060037031019485 -0.923877546696354 -0.27060250977829375
vn 0.27060037031019485 -0.923877546696354 -0.27060250977829375
vn 0 -0.9999999999999999 0
vn 0 -0.9999999999999999 0
vn 0 -0.9999999999999999 0
vn 0 -0.9999999999999999 0
vn 0 -0.9999999999999999 0
vn 0 -0.9999999999999999 0
vn 0 -1 0
vn 0 -1 0
vn 0 -1 0
vn 0 -1 0
vn 0 -1 0
vn 0 -1 0
vn 0 -0.9999999999999999 0
vn 0 -0.9999999999999999 0
vn 0 -0.9999999999999999 0
vn 0 -0.9999999999999999 0
vn 0 -0.9999999999999999 0
vn 0 -0.9999999999999999 0
vn -0.7071067811865459 0 -0.7071067811865491
vn -0.7071067811865459 0 -0.7071067811865491
vn -0.7071067811865459 0 -0.7071067811865491
vn -0.7071067811865458 0 -0.7071067811865493
vn -0.7071067811865458 0 -0.7071067811865493
vn -0.7071067811865458 0 -0.7071067811865493
vn -0.3826882014040019 -0.9238775570962693 0
vn -0.3826882014040019 -0.9238775570962693 0
vn -0.3826882014040019 -0.9238775570962693 0
vn -0.3826882014040037 -0.9238775570962684 0
vn -0.3826882014040037 -0.9238775570962684 0
vn -0.3826882014040037 -0.9238775570962684 0
vn -0.2706026551754811 -0.9238768479331528 -0.2706026106028572
vn -0.2706026551754811 -0.9238768479331528 -0.2706026106028572
vn -0.2706026551754811 -0.9238768479331528 -0.2706026106028572
vn -0.2706028012611713 -0.9238768009178219 -0.27060262503430843
vn -0.2706028012611713 -0.9238768009178219 -0.27060262503430843
vn -0.2706028012611713 -0.9238768009178219 -0.27060262503430843
vn -1 0 0
vn -1 0 0
vn -1 0 0
vn -1 0 0
vn -1 0 0
vn -1 0 0
vn 0 0 -1
vn 0 0 -1
vn 0 0 -1
vn 0 0 -1
vn 0 0 -1
vn 0 0 -1
vn 0 0 -1
vn 0 0 -1
vn 0 0 -1
vn 0 0 -1
vn 0 0 -1
vn 0 0 -1
vn 0 0 -1
vn 0 0 -1
vn 0 0 -1
vn 0 0 -1
vn 0 0 -1
vn 0 0 -1
vn 0.7071067811865459 0 -0.7071067811865491
vn 0.7071067811865459 0 -0.7071067811865491
vn 0.7071067811865459 0 -0.7071067811865491
vn 0.7071067811865458 0 -0.7071067811865493
vn 0.7071067811865458 0 -0.7071067811865493
vn 0.7071067811865458 0 -0.7071067811865493
vn 1 0 0
vn 1 0 0
vn 1 0 0
vn 1 0 0
vn 1 0 0
vn 1 0 0
vn 0.4862133174729702 0.7260807254182269 -0.4862133174729687
vn 0.4862133174729702 0.7260807254182269 -0.4862133174729687
vn 0.4862133174729702 0.7260807254182269 -0.4862133174729687
vn 0.48621368874331383 0.726080553770426 -0.48621320253058864
vn 0.48621368874331383 0.726080553770426 -0.48621320253058864
vn 0.48621368874331383 0.726080553770426 -0.48621320253058864
vn 0.6532854963012086 -0.38268183279346973 -0.653278405560994
vn 0.6532854963012086 -0.38268183279346973 -0.653278405560994
vn 0.6532854963012086 -0.38268183279346973 -0.653278405560994
vn 0.6532801604416868 -0.38268794591229865 -0.6532801604416816
vn 0.6532801604416868 -0.38268794591229865 -0.6532801604416816
vn 0.6532801604416868 -0.38268794591229865 -0.6532801604416816
vn -0.48621445399965546 0.7260800715216534 0.48621315743295906
vn -0.48621445399965546 0.7260800715216534 0.48621315743295906
vn -0.48621445399965546 0.7260800715216534 0.48621315743295906
vn -0.48621253576819307 0.726080958369071 0.48621375130256744
vn -0.48621253576819307 0.726080958369071 0.48621375130256744
vn -0.48621253576819307 0.726080958369071 0.48621375130256744
vn 0.6532830287809875 -0.3826902573213685 0.6532759380675554
vn 0.6532830287809875 -0.3826902573213685 0.6532759380675554
vn 0.6532830287809875 -0.3826902573213685 0.6532759380675554
vn 0.6532817731208569 -0.38267965182742936 0.6532834063293715
vn 0.6532817731208569 -0.38267965182742936 0.6532834063293715
vn 0.6532817731208569 -0.38267965182742936 0.6532834063293715
vn -0.653279898314971 -0.3826895671151413 0.6532794728742108
vn -0.653279898314971 -0.3826895671151413 0.6532794728742108
vn -0.653279898314971 -0.3826895671151413 0.6532794728742108
vn -0.6532796020134011 -0.3826870644628961 0.6532812352164905
vn -0.6532796020134011 -0.3826870644628961 0.6532812352164905
vn -0.6532796020134011 -0.3826870644628961 0.6532812352164905
vn 0 0 1
vn 0 0 1
vn 0 0 1
vn 0 0 1
vn 0 0 1
vn 0 0 1
vn 0 0 1
vn 0 0 1
vn 0 0 1
vn 0 0 1
vn 0 0 1
vn 0 0 1
vn 0 0 1
vn 0 0 1
vn 0 0 1
vn 0 0 1
vn 0 0 1
vn 0 0 1
vn -0.7071058973014124 0 0.7071076650705779
vn -0.7071058973014124 0 0.7071076650705779
vn -0.7071058973014124 0 0.7071076650705779
vn -0.7071058973014195 0 0.7071076650705708
vn -0.7071058973014195 0 0.7071076650705708
vn -0.7071058973014195 0 0.7071076650705708
vn 0.2706039708326397 -0.9238769244477536 0.27060103370565214
vn 0.2706039708326397 -0.9238769244477536 0.27060103370565214
vn 0.2706039708326397 -0.9238769244477536 0.27060103370565214
vn 0.27060051391749773 -0.9238780369970887 0.2706006922053087
vn 0.27060051391749773 -0.9238780369970887 0.2706006922053087
vn 0.27060051391749773 -0.9238780369970887 0.2706006922053087
vn -0.2706027987841051 -0.9238773382338811 0.27060079302930334
vn -0.2706027987841051 -0.9238773382338811 0.27060079302930334
vn -0.2706027987841051 -0.9238773382338811 0.27060079302930334
vn -0.2706007687092884 -0.9238779915775588 0.27060059248375373
vn -0.2706007687092884 -0.9238779915775588 0.27060059248375373
vn -0.2706007687092884 -0.9238779915775588 0.27060059248375373
vn 0.7071058973014122 0 0.707107665070578
vn 0.7071058973014122 0 0.707107665070578
vn 0.7071058973014122 0 0.707107665070578
vn 0.7071058973014196 0 0.7071076650705704
vn 0.7071058973014196 0 0.7071076650705704
vn 0.7071058973014196 0 0.7071076650705704
# 2103 normals
usemtl colormap
f 3/3/3 2/2/2 1/1/1 
f 2/6/6 3/5/5 4/4/4 
f 7/9/9 6/8/8 5/7/7 
f 6/12/12 7/11/11 8/10/10 
f 10/15/15 6/14/14 9/13/13 
f 6/18/18 10/17/17 5/16/16 
f 12/21/21 3/20/20 11/19/19 
f 3/24/24 12/23/23 4/22/22 
f 5/27/27 13/26/26 7/25/25 
f 13/30/30 5/29/29 12/28/28 
f 12/33/33 5/32/32 10/31/31 
f 12/36/36 10/35/35 4/34/34 
f 4/39/39 10/38/38 14/37/37 
f 4/42/42 14/41/41 2/40/40 
f 15/45/45 10/44/44 9/43/43 
f 10/48/48 15/47/47 14/46/46 
f 1/51/51 14/50/50 15/49/49 
f 14/54/54 1/53/53 2/52/52 
f 12/57/57 16/56/56 13/55/55 
f 16/60/60 12/59/59 11/58/58 
f 13/63/63 8/62/62 7/61/61 
f 8/66/66 13/65/65 16/64/64 
f 19/69/69 18/68/68 17/67/67 
f 18/72/72 19/71/71 20/70/70 
f 20/75/75 19/74/74 21/73/73 
f 20/78/78 21/77/77 22/76/76 
f 22/81/81 21/80/80 23/79/79 
f 22/84/84 23/83/83 24/82/82 
f 27/87/87 26/86/86 25/85/85 
f 26/90/90 27/89/89 28/88/88 
f 28/93/93 27/92/92 29/91/91 
f 28/96/96 29/95/95 30/94/94 
f 30/99/99 29/98/98 31/97/97 
f 30/102/102 31/101/101 32/100/100 
f 28/105/105 21/104/104 19/103/103 
f 21/108/108 28/107/107 30/106/106 
f 24/111/111 29/110/110 22/109/109 
f 29/114/114 24/113/113 31/112/112 
f 24/117/117 32/116/116 31/115/115 
f 32/120/120 24/119/119 23/118/118 
f 26/123/123 18/122/122 25/121/121 
f 18/126/126 26/125/125 17/124/124 
f 23/129/129 30/128/128 32/127/127 
f 30/132/132 23/131/131 21/130/130 
f 27/135/135 18/134/134 20/133/133 
f 18/138/138 27/137/137 25/136/136 
f 29/141/141 20/140/140 22/139/139 
f 20/144/144 29/143/143 27/142/142 
f 28/147/147 17/146/146 26/145/145 
f 17/150/150 28/149/149 19/148/148 
f 35/153/153 34/152/152 33/151/151 
f 34/156/156 35/155/155 36/154/154 
f 36/159/159 35/158/158 37/157/157 
f 36/162/162 37/161/161 38/160/160 
f 38/165/165 37/164/164 39/163/163 
f 38/168/168 39/167/167 40/166/166 
f 36/171/171 42/170/170 41/169/169 
f 42/174/174 36/173/173 38/172/172 
f 33/177/177 43/176/176 35/175/175 
f 43/180/180 33/179/179 44/178/178 
f 34/183/183 44/182/182 33/181/181 
f 44/186/186 34/185/185 45/184/184 
f 47/189/189 37/188/188 46/187/187 
f 37/192/192 47/191/191 39/190/190 
f 42/195/195 40/194/194 48/193/193 
f 40/198/198 42/197/197 38/196/196 
f 36/201/201 45/200/200 34/199/199 
f 45/204/204 36/203/203 41/202/202 
f 48/207/207 39/206/206 47/205/205 
f 39/210/210 48/209/209 40/208/208 
f 37/213/213 43/212/212 46/211/211 
f 43/216/216 37/215/215 35/214/214 
f 51/219/219 50/218/218 49/217/217 
f 50/222/222 51/221/221 52/220/220 
f 52/225/225 51/224/224 53/223/223 
f 52/228/228 53/227/227 54/226/226 
f 54/231/231 53/230/230 55/229/229 
f 54/234/234 55/233/233 56/232/232 
f 59/237/237 58/236/236 57/235/235 
f 58/240/240 59/239/239 60/238/238 
f 60/243/243 59/242/242 61/241/241 
f 60/246/246 61/245/245 62/244/244 
f 62/249/249 61/248/248 63/247/247 
f 62/252/252 63/251/251 64/250/250 
f 52/255/255 57/254/254 50/253/253 
f 57/258/258 52/257/257 59/256/256 
f 64/261/261 53/260/260 62/259/259 
f 53/264/264 64/263/263 55/262/262 
f 51/267/267 58/266/266 60/265/265 
f 58/270/270 51/269/269 49/268/268 
f 53/273/273 60/272/272 62/271/271 
f 60/276/276 53/275/275 51/274/274 
f 52/279/279 61/278/278 59/277/277 
f 61/282/282 52/281/281 54/280/280 
f 50/285/285 58/284/284 49/283/283 
f 58/288/288 50/287/287 57/286/286 
f 63/291/291 54/290/290 56/289/289 
f 54/294/294 63/293/293 61/292/292 
f 64/297/297 56/296/296 55/295/295 
f 56/300/300 64/299/299 63/298/298 
f 67/303/303 66/302/302 65/301/301 
f 66/306/306 67/305/305 68/304/304 
f 71/309/309 70/308/308 69/307/307 
f 70/312/312 71/311/311 72/310/310 
f 73/315/315 68/314/314 67/313/313 
f 68/318/318 73/317/317 74/316/316 
f 73/321/321 76/320/320 75/319/319 
f 76/324/324 73/323/323 67/322/322 
f 76/327/327 67/326/326 70/325/325 
f 70/330/330 67/329/329 65/328/328 
f 70/333/333 65/332/332 77/331/331 
f 70/336/336 77/335/335 69/334/334 
f 79/339/339 74/338/338 78/337/337 
f 74/342/342 79/341/341 68/340/340 
f 68/345/345 79/344/344 72/343/343 
f 68/348/348 72/347/347 66/346/346 
f 66/351/351 72/350/350 71/349/349 
f 66/354/354 71/353/353 80/352/352 
f 79/357/357 75/356/356 76/355/355 
f 75/360/360 79/359/359 78/358/358 
f 78/363/363 73/362/362 75/361/361 
f 73/366/366 78/365/365 74/364/364 
f 65/369/369 80/368/368 77/367/367 
f 80/372/372 65/371/371 66/370/370 
f 69/375/375 80/374/374 71/373/373 
f 80/378/378 69/377/377 77/376/376 
f 72/381/381 76/380/380 70/379/379 
f 76/384/384 72/383/383 79/382/382 
f 83/387/387 82/386/386 81/385/385 
f 82/390/390 83/389/389 84/388/388 
f 87/393/393 86/392/392 85/391/391 
f 86/396/396 87/395/395 88/394/394 
f 86/399/399 88/398/398 81/397/397 
f 81/402/402 88/401/401 89/400/400 
f 81/405/405 89/404/404 83/403/403 
f 83/408/408 89/407/407 90/406/406 
f 92/411/411 85/410/410 91/409/409 
f 85/414/414 92/413/413 87/412/412 
f 93/417/417 90/416/416 89/415/415 
f 90/420/420 93/419/419 94/418/418 
f 92/423/423 88/422/422 87/421/421 
f 88/426/426 92/425/425 95/424/424 
f 96/429/429 92/428/428 91/427/427 
f 92/432/432 96/431/431 95/430/430 
f 95/435/435 96/434/434 82/433/433 
f 95/438/438 82/437/437 93/436/436 
f 93/441/441 82/440/440 84/439/439 
f 93/444/444 84/443/443 94/442/442 
f 90/447/447 84/446/446 83/445/445 
f 84/450/450 90/449/449 94/448/448 
f 95/453/453 89/452/452 88/451/451 
f 89/456/456 95/455/455 93/454/454 
f 86/459/459 91/458/458 85/457/457 
f 91/462/462 86/461/461 96/460/460 
f 81/465/465 96/464/464 86/463/463 
f 96/468/468 81/467/467 82/466/466 
f 99/471/471 98/470/470 97/469/469 
f 98/474/474 100/473/473 97/472/472 
f 103/477/477 102/476/476 101/475/475 
f 97/480/480 100/479/479 104/478/478 
f 102/483/483 106/482/482 105/481/481 
f 107/486/486 99/485/485 97/484/484 
f 102/489/489 105/488/488 101/487/487 
f 100/492/492 109/491/491 108/490/490 
f 109/495/495 100/494/494 98/493/493 
f 102/498/498 104/497/497 106/496/496 
f 104/501/501 102/500/500 97/499/499 
f 103/504/504 97/503/503 102/502/502 
f 97/507/507 103/506/506 107/505/505 
f 111/510/510 103/509/509 110/508/508 
f 103/513/513 111/512/512 107/511/511 
f 103/516/516 112/515/515 110/514/514 
f 112/519/519 103/518/518 101/517/517 
f 105/522/522 114/521/521 113/520/520 
f 114/525/525 105/524/524 106/523/523 
f 101/528/528 113/527/527 112/526/526 
f 113/531/531 101/530/530 105/529/529 
f 98/534/534 115/533/533 109/532/532 
f 115/537/537 98/536/536 99/535/535 
f 100/540/540 116/539/539 104/538/538 
f 116/543/543 100/542/542 108/541/541 
f 115/546/546 107/545/545 111/544/544 
f 107/549/549 115/548/548 99/547/547 
f 104/552/552 114/551/551 106/550/550 
f 114/555/555 104/554/554 116/553/553 
f 119/558/558 118/557/557 117/556/556 
f 121/561/561 119/560/560 120/559/559 
f 119/564/564 117/563/563 120/562/562 
f 124/567/567 123/566/566 122/565/565 
f 126/570/570 125/569/569 124/568/568 
f 127/573/573 126/572/572 124/571/571 
f 125/576/576 123/575/575 124/574/574 
f 117/579/579 129/578/578 128/577/577 
f 129/582/582 117/581/581 118/580/580 
f 122/585/585 129/584/584 118/583/583 
f 129/588/588 122/587/587 130/586/586 
f 120/591/591 128/590/590 131/589/589 
f 128/594/594 120/593/593 117/592/592 
f 133/597/597 121/596/596 132/595/595 
f 121/600/600 133/599/599 127/598/598 
f 121/603/603 131/602/602 132/601/601 
f 131/606/606 121/605/605 120/604/604 
f 134/609/609 127/608/608 133/607/607 
f 127/612/612 134/611/611 126/610/610 
f 123/615/615 130/614/614 122/613/613 
f 130/618/618 123/617/617 135/616/616 
f 123/621/621 136/620/620 135/619/619 
f 136/624/624 123/623/623 125/622/622 
f 125/627/627 134/626/626 136/625/625 
f 134/630/630 125/629/629 126/628/628 
f 119/633/633 122/632/632 118/631/631 
f 122/636/636 119/635/635 124/634/634 
f 121/639/639 124/638/638 119/637/637 
f 124/642/642 121/641/641 127/640/640 
f 139/645/645 138/644/644 137/643/643 
f 138/648/648 139/647/647 140/646/646 
f 142/651/651 140/650/650 141/649/649 
f 140/654/654 142/653/653 138/652/652 
f 138/657/657 142/656/656 143/655/655 
f 138/660/660 143/659/659 144/658/658 
f 144/663/663 143/662/662 145/661/661 
f 144/666/666 145/665/665 146/664/664 
f 147/669/669 143/668/668 142/667/667 
f 143/672/672 147/671/671 148/670/670 
f 143/675/675 149/674/674 145/673/673 
f 149/678/678 143/677/677 148/676/676 
f 145/681/681 150/680/680 146/679/679 
f 150/684/684 145/683/683 149/682/682 
f 137/687/687 151/686/686 139/685/685 
f 151/690/690 137/689/689 147/688/688 
f 147/693/693 137/692/692 152/691/691 
f 147/696/696 152/695/695 148/694/694 
f 148/699/699 152/698/698 150/697/697 
f 148/702/702 150/701/701 149/700/700 
f 151/705/705 140/704/704 139/703/703 
f 140/708/708 151/707/707 141/706/706 
f 152/711/711 138/710/710 144/709/709 
f 138/714/714 152/713/713 137/712/712 
f 146/717/717 152/716/716 144/715/715 
f 152/720/720 146/719/719 150/718/718 
f 147/723/723 141/722/722 151/721/721 
f 141/726/726 147/725/725 142/724/724 
f 155/729/729 154/728/728 153/727/727 
f 154/732/732 155/731/731 156/730/730 
f 159/735/735 158/734/734 157/733/733 
f 158/738/738 159/737/737 160/736/736 
f 155/741/741 159/740/740 156/739/739 
f 159/744/744 155/743/743 160/742/742 
f 159/747/747 154/746/746 156/745/745 
f 154/750/750 159/749/749 157/748/748 
f 157/753/753 153/752/752 154/751/751 
f 153/756/756 157/755/755 158/754/754 
f 158/759/759 155/758/758 153/757/757 
f 155/762/762 158/761/761 160/760/760 
f 163/765/765 162/764/764 161/763/763 
f 162/768/768 163/767/767 164/766/766 
f 167/771/771 166/770/770 165/769/769 
f 166/774/774 167/773/773 168/772/772 
f 163/777/777 167/776/776 164/775/775 
f 167/780/780 163/779/779 168/778/778 
f 167/783/783 162/782/782 164/781/781 
f 162/786/786 167/785/785 165/784/784 
f 165/789/789 161/788/788 162/787/787 
f 161/792/792 165/791/791 166/790/790 
f 166/795/795 163/794/794 161/793/793 
f 163/798/798 166/797/797 168/796/796 
f 171/801/801 170/800/800 169/799/799 
f 174/804/804 173/803/803 172/802/802 
f 177/807/807 176/806/806 175/805/805 
f 180/810/810 179/809/809 178/808/808 
f 180/813/813 172/812/812 179/811/811 
f 172/816/816 180/815/815 174/814/814 
f 178/819/819 182/818/818 181/817/817 
f 182/822/822 178/821/821 179/820/820 
f 184/825/825 176/824/824 183/823/823 
f 176/828/828 184/827/827 175/826/826 
f 185/831/831 178/830/830 181/829/829 
f 178/834/834 185/833/833 169/832/832 
f 179/837/837 186/836/836 182/835/835 
f 186/840/840 179/839/839 172/838/838 
f 174/843/843 175/842/842 173/841/841 
f 175/846/846 174/845/845 177/844/844 
f 169/849/849 180/848/848 178/847/847 
f 180/852/852 169/851/851 170/850/850 
f 187/855/855 169/854/854 185/853/853 
f 169/858/858 187/857/857 171/856/856 
f 173/861/861 184/860/860 188/859/859 
f 184/864/864 173/863/863 175/862/862 
f 183/867/867 171/866/866 187/865/865 
f 171/870/870 183/869/869 176/868/868 
f 180/873/873 177/872/872 174/871/871 
f 177/876/876 180/875/875 170/874/874 
f 176/879/879 170/878/878 171/877/877 
f 170/882/882 176/881/881 177/880/880 
f 172/885/885 188/884/884 186/883/883 
f 188/888/888 172/887/887 173/886/886 
f 191/891/891 190/890/890 189/889/889 
f 194/894/894 193/893/893 192/892/892 
f 197/897/897 196/896/896 195/895/895 
f 200/900/900 199/899/899 198/898/898 
f 199/903/903 202/902/902 201/901/901 
f 202/906/906 199/905/905 190/904/904 
f 199/909/909 203/908/908 198/907/907 
f 203/912/912 199/911/911 201/910/910 
f 196/915/915 194/914/914 192/913/913 
f 194/918/918 196/917/917 197/916/916 
f 200/921/921 190/920/920 199/919/919 
f 190/924/924 200/923/923 189/922/922 
f 204/927/927 190/926/926 191/925/925 
f 190/930/930 204/929/929 202/928/928 
f 195/933/933 189/932/932 197/931/931 
f 189/936/936 195/935/935 191/934/934 
f 205/939/939 195/938/938 196/937/937 
f 195/942/942 205/941/941 206/940/940 
f 205/945/945 192/944/944 207/943/943 
f 192/948/948 205/947/947 196/946/946 
f 200/951/951 193/950/950 194/949/949 
f 193/954/954 200/953/953 198/952/952 
f 193/957/957 207/956/956 192/955/955 
f 207/960/960 193/959/959 208/958/958 
f 197/963/963 200/962/962 194/961/961 
f 200/966/966 197/965/965 189/964/964 
f 198/969/969 208/968/968 193/967/967 
f 208/972/972 198/971/971 203/970/970 
f 206/975/975 191/974/974 195/973/973 
f 191/978/978 206/977/977 204/976/976 
f 211/981/981 210/980/980 209/979/979 
f 210/984/984 211/983/983 212/982/982 
f 212/987/987 211/986/986 213/985/985 
f 212/990/990 213/989/989 214/988/988 
f 214/993/993 213/992/992 215/991/991 
f 214/996/996 215/995/995 216/994/994 
f 216/999/999 215/998/998 217/997/997 
f 218/1002/1002 215/1001/1001 213/1000/1000 
f 215/1005/1005 218/1004/1004 219/1003/1003 
f 220/1008/1008 210/1007/1007 212/1006/1006 
f 210/1011/1011 220/1010/1010 221/1009/1009 
f 222/1014/1014 210/1013/1013 221/1012/1012 
f 210/1017/1017 222/1016/1016 209/1015/1015 
f 223/1020/1020 212/1019/1019 214/1018/1018 
f 212/1023/1023 223/1022/1022 220/1021/1021 
f 222/1026/1026 211/1025/1025 209/1024/1024 
f 211/1029/1029 222/1028/1028 224/1027/1027 
f 216/1032/1032 226/1031/1031 225/1030/1030 
f 226/1035/1035 216/1034/1034 217/1033/1033 
f 215/1038/1038 226/1037/1037 217/1036/1036 
f 226/1041/1041 215/1040/1040 219/1039/1039 
f 225/1044/1044 214/1043/1043 216/1042/1042 
f 214/1047/1047 225/1046/1046 223/1045/1045 
f 224/1050/1050 213/1049/1049 211/1048/1048 
f 213/1053/1053 224/1052/1052 218/1051/1051 
f 229/1056/1056 228/1055/1055 227/1054/1054 
f 228/1059/1059 229/1058/1058 230/1057/1057 
f 230/1062/1062 229/1061/1061 231/1060/1060 
f 230/1065/1065 231/1064/1064 232/1063/1063 
f 232/1068/1068 231/1067/1067 233/1066/1066 
f 232/1071/1071 233/1070/1070 234/1069/1069 
f 234/1074/1074 233/1073/1073 235/1072/1072 
f 236/1077/1077 230/1076/1076 232/1075/1075 
f 230/1080/1080 236/1079/1079 237/1078/1078 
f 234/1083/1083 239/1082/1082 238/1081/1081 
f 239/1086/1086 234/1085/1085 235/1084/1084 
f 241/1089/1089 228/1088/1088 240/1087/1087 
f 228/1092/1092 241/1091/1091 227/1090/1090 
f 242/1095/1095 233/1094/1094 231/1093/1093 
f 233/1098/1098 242/1097/1097 243/1096/1096 
f 237/1101/1101 228/1100/1100 230/1099/1099 
f 228/1104/1104 237/1103/1103 240/1102/1102 
f 244/1107/1107 231/1106/1106 229/1105/1105 
f 231/1110/1110 244/1109/1109 242/1108/1108 
f 241/1113/1113 229/1112/1112 227/1111/1111 
f 229/1116/1116 241/1115/1115 244/1114/1114 
f 238/1119/1119 232/1118/1118 234/1117/1117 
f 232/1122/1122 238/1121/1121 236/1120/1120 
f 233/1125/1125 239/1124/1124 235/1123/1123 
f 239/1128/1128 233/1127/1127 243/1126/1126 
f 247/1131/1131 246/1130/1130 245/1129/1129 
f 246/1134/1134 247/1133/1133 248/1132/1132 
f 251/1137/1137 250/1136/1136 249/1135/1135 
f 250/1140/1140 251/1139/1139 252/1138/1138 
f 255/1143/1143 254/1142/1142 253/1141/1141 
f 254/1146/1146 255/1145/1145 256/1144/1144 
f 259/1149/1149 258/1148/1148 257/1147/1147 
f 258/1152/1152 259/1151/1151 260/1150/1150 
f 259/1155/1155 247/1154/1154 260/1153/1153 
f 247/1158/1158 259/1157/1157 248/1156/1156 
f 254/1161/1161 249/1160/1160 253/1159/1159 
f 249/1164/1164 254/1163/1163 251/1162/1162 
f 252/1167/1167 258/1166/1166 250/1165/1165 
f 258/1170/1170 252/1169/1169 257/1168/1168 
f 246/1173/1173 255/1172/1172 245/1171/1171 
f 255/1176/1176 246/1175/1175 256/1174/1174 
f 252/1179/1179 259/1178/1178 257/1177/1177 
f 259/1182/1182 252/1181/1181 248/1180/1180 
f 248/1185/1185 252/1184/1184 251/1183/1183 
f 248/1188/1188 251/1187/1187 246/1186/1186 
f 246/1191/1191 251/1190/1190 254/1189/1189 
f 246/1194/1194 254/1193/1193 256/1192/1192 
f 263/1197/1197 262/1196/1196 261/1195/1195 
f 262/1200/1200 263/1199/1199 264/1198/1198 
f 265/1203/1203 261/1202/1202 262/1201/1201 
f 261/1206/1206 265/1205/1205 266/1204/1204 
f 268/1209/1209 267/1208/1208 266/1207/1207 
f 267/1212/1212 268/1211/1211 269/1210/1210 
f 267/1215/1215 271/1214/1214 270/1213/1213 
f 271/1218/1218 267/1217/1217 269/1216/1216 
f 267/1221/1221 261/1220/1220 266/1219/1219 
f 261/1224/1224 267/1223/1223 270/1222/1222 
f 270/1227/1227 263/1226/1226 261/1225/1225 
f 263/1230/1230 270/1229/1229 271/1228/1228 
f 272/1233/1233 266/1232/1232 265/1231/1231 
f 266/1236/1236 272/1235/1235 268/1234/1234 
f 263/1239/1239 272/1238/1238 264/1237/1237 
f 272/1242/1242 263/1241/1241 268/1240/1240 
f 268/1245/1245 263/1244/1244 271/1243/1243 
f 268/1248/1248 271/1247/1247 269/1246/1246 
f 275/1251/1251 274/1250/1250 273/1249/1249 
f 274/1254/1254 275/1253/1253 276/1252/1252 
f 279/1257/1257 278/1256/1256 277/1255/1255 
f 278/1260/1260 279/1259/1259 280/1258/1258 
f 277/1263/1263 274/1262/1262 276/1261/1261 
f 274/1266/1266 277/1265/1265 281/1264/1264 
f 281/1269/1269 277/1268/1268 278/1267/1267 
f 281/1272/1272 278/1271/1271 282/1270/1270 
f 283/1275/1275 274/1274/1274 281/1273/1273 
f 274/1278/1278 283/1277/1277 273/1276/1276 
f 282/1281/1281 283/1280/1280 281/1279/1279 
f 283/1284/1284 282/1283/1283 284/1282/1282 
f 283/1287/1287 275/1286/1286 273/1285/1285 
f 275/1290/1290 283/1289/1289 279/1288/1288 
f 279/1293/1293 283/1292/1292 280/1291/1291 
f 280/1296/1296 283/1295/1295 284/1294/1294 
f 276/1299/1299 279/1298/1298 277/1297/1297 
f 279/1302/1302 276/1301/1301 275/1300/1300 
f 287/1305/1305 286/1304/1304 285/1303/1303 
f 290/1308/1308 289/1307/1307 288/1306/1306 
f 286/1311/1311 290/1310/1310 288/1309/1309 
f 290/1314/1314 286/1313/1313 287/1312/1312 
f 290/1317/1317 285/1316/1316 289/1315/1315 
f 285/1320/1320 290/1319/1319 287/1318/1318 
f 293/1323/1323 292/1322/1322 291/1321/1321 
f 292/1326/1326 293/1325/1325 294/1324/1324 
f 292/1329/1329 294/1328/1328 295/1327/1327 
f 295/1332/1332 294/1331/1331 296/1330/1330 
f 295/1335/1335 297/1334/1334 292/1333/1333 
f 297/1338/1338 295/1337/1337 298/1336/1336 
f 297/1341/1341 291/1340/1340 292/1339/1339 
f 291/1344/1344 297/1343/1343 299/1342/1342 
f 296/1347/1347 298/1346/1346 295/1345/1345 
f 298/1350/1350 296/1349/1349 300/1348/1348 
f 293/1353/1353 301/1352/1352 294/1351/1351 
f 301/1356/1356 293/1355/1355 302/1354/1354 
f 297/1359/1359 302/1358/1358 299/1357/1357 
f 302/1362/1362 297/1361/1361 301/1360/1360 
f 301/1365/1365 297/1364/1364 298/1363/1363 
f 301/1368/1368 298/1367/1367 300/1366/1366 
f 301/1371/1371 296/1370/1370 294/1369/1369 
f 296/1374/1374 301/1373/1373 300/1372/1372 
f 305/1377/1377 304/1376/1376 303/1375/1375 
f 308/1380/1380 307/1379/1379 306/1378/1378 
f 308/1383/1383 304/1382/1382 305/1381/1381 
f 304/1386/1386 308/1385/1385 306/1384/1384 
f 303/1389/1389 308/1388/1388 305/1387/1387 
f 308/1392/1392 303/1391/1391 307/1390/1390 
f 311/1395/1395 310/1394/1394 309/1393/1393 
f 310/1398/1398 311/1397/1397 312/1396/1396 
f 315/1401/1401 314/1400/1400 313/1399/1399 
f 314/1404/1404 315/1403/1403 316/1402/1402 
f 312/1407/1407 314/1406/1406 316/1405/1405 
f 314/1410/1410 312/1409/1409 311/1408/1408 
f 316/1413/1413 310/1412/1412 312/1411/1411 
f 310/1416/1416 316/1415/1415 315/1414/1414 
f 309/1419/1419 315/1418/1418 313/1417/1417 
f 315/1422/1422 309/1421/1421 310/1420/1420 
f 309/1425/1425 314/1424/1424 311/1423/1423 
f 314/1428/1428 309/1427/1427 313/1426/1426 
f 319/1431/1431 318/1430/1430 317/1429/1429 
f 318/1434/1434 319/1433/1433 320/1432/1432 
f 323/1437/1437 322/1436/1436 321/1435/1435 
f 322/1440/1440 323/1439/1439 324/1438/1438 
f 321/1443/1443 319/1442/1442 317/1441/1441 
f 319/1446/1446 321/1445/1445 322/1444/1444 
f 319/1449/1449 324/1448/1448 320/1447/1447 
f 324/1452/1452 319/1451/1451 322/1450/1450 
f 323/1455/1455 317/1454/1454 318/1453/1453 
f 317/1458/1458 323/1457/1457 321/1456/1456 
f 324/1461/1461 318/1460/1460 320/1459/1459 
f 318/1464/1464 324/1463/1463 323/1462/1462 
f 327/1467/1467 326/1466/1466 325/1465/1465 
f 326/1470/1470 328/1469/1469 325/1468/1468 
f 329/1473/1473 328/1472/1472 326/1471/1471 
f 330/1476/1476 328/1475/1475 329/1474/1474 
f 331/1479/1479 328/1478/1478 330/1477/1477 
f 332/1482/1482 331/1481/1481 330/1480/1480 
f 328/1485/1485 331/1484/1484 333/1483/1483 
f 336/1488/1488 335/1487/1487 334/1486/1486 
f 335/1491/1491 336/1490/1490 337/1489/1489 
f 337/1494/1494 338/1493/1493 335/1492/1492 
f 338/1497/1497 337/1496/1496 339/1495/1495 
f 338/1500/1500 339/1499/1499 340/1498/1498 
f 338/1503/1503 340/1502/1502 341/1501/1501 
f 342/1506/1506 341/1505/1505 340/1504/1504 
f 345/1509/1509 344/1508/1508 343/1507/1507 
f 344/1512/1512 345/1511/1511 338/1510/1510 
f 346/1515/1515 343/1514/1514 344/1513/1513 
f 343/1518/1518 346/1517/1517 347/1516/1516 
f 350/1521/1521 349/1520/1520 348/1519/1519 
f 349/1524/1524 350/1523/1523 335/1522/1522 
f 338/1527/1527 349/1526/1526 335/1525/1525 
f 349/1530/1530 338/1529/1529 345/1528/1528 
f 351/1533/1533 328/1532/1532 333/1531/1531 
f 328/1536/1536 351/1535/1535 352/1534/1534 
f 353/1539/1539 351/1538/1538 333/1537/1537 
f 351/1542/1542 353/1541/1541 354/1540/1540 
f 351/1545/1545 347/1544/1544 352/1543/1543 
f 347/1548/1548 351/1547/1547 354/1546/1546 
f 347/1551/1551 354/1550/1550 343/1549/1549 
f 343/1554/1554 354/1553/1553 348/1552/1552 
f 343/1557/1557 348/1556/1556 345/1555/1555 
f 345/1560/1560 348/1559/1559 349/1558/1558 
f 348/1563/1563 353/1562/1562 350/1561/1561 
f 353/1566/1566 348/1565/1565 354/1564/1564 
f 352/1569/1569 346/1568/1568 328/1567/1567 
f 346/1572/1572 352/1571/1571 347/1570/1570 
f 353/1575/1575 331/1574/1574 355/1573/1573 
f 331/1578/1578 353/1577/1577 333/1576/1576 
f 350/1581/1581 355/1580/1580 356/1579/1579 
f 355/1584/1584 350/1583/1583 353/1582/1582 
f 334/1587/1587 350/1586/1586 356/1585/1585 
f 350/1590/1590 334/1589/1589 335/1588/1588 
f 336/1593/1593 331/1592/1592 332/1591/1591 
f 331/1596/1596 336/1595/1595 355/1594/1594 
f 355/1599/1599 336/1598/1598 356/1597/1597 
f 356/1602/1602 336/1601/1601 334/1600/1600 
f 332/1605/1605 337/1604/1604 336/1603/1603 
f 337/1608/1608 332/1607/1607 330/1606/1606 
f 339/1611/1611 330/1610/1610 329/1609/1609 
f 330/1614/1614 339/1613/1613 337/1612/1612 
f 340/1617/1617 329/1616/1616 326/1615/1615 
f 329/1620/1620 340/1619/1619 339/1618/1618 
f 326/1623/1623 342/1622/1622 340/1621/1621 
f 342/1626/1626 326/1625/1625 327/1624/1624 
f 327/1629/1629 341/1628/1628 342/1627/1627 
f 341/1632/1632 327/1631/1631 325/1630/1630 
f 328/1635/1635 357/1634/1634 325/1633/1633 
f 357/1638/1638 328/1637/1637 346/1636/1636 
f 360/1641/1641 359/1640/1640 358/1639/1639 
f 359/1644/1644 360/1643/1643 357/1642/1642 
f 359/1647/1647 357/1646/1646 361/1645/1645 
f 361/1650/1650 357/1649/1649 362/1648/1648 
f 344/1653/1653 362/1652/1652 357/1651/1651 
f 344/1656/1656 357/1655/1655 346/1654/1654 
f 363/1659/1659 362/1658/1658 344/1657/1657 
f 364/1662/1662 361/1661/1661 362/1660/1660 
f 364/1665/1665 365/1664/1664 361/1663/1663 
f 365/1668/1668 364/1667/1667 366/1666/1666 
f 363/1671/1671 367/1670/1670 362/1669/1669 
f 368/1674/1674 367/1673/1673 363/1672/1672 
f 367/1677/1677 368/1676/1676 369/1675/1675 
f 363/1680/1680 338/1679/1679 341/1678/1678 
f 338/1683/1683 363/1682/1682 344/1681/1681 
f 372/1686/1686 371/1685/1685 370/1684/1684 
f 371/1689/1689 372/1688/1688 373/1687/1687 
f 371/1692/1692 373/1691/1691 374/1690/1690 
f 374/1695/1695 373/1694/1694 375/1693/1693 
f 378/1698/1698 377/1697/1697 376/1696/1696 
f 377/1701/1701 378/1700/1700 379/1699/1699 
f 377/1704/1704 379/1703/1703 380/1702/1702 
f 381/1707/1707 380/1706/1706 379/1705/1705 
f 381/1710/1710 379/1709/1709 382/1708/1708 
f 381/1713/1713 382/1712/1712 383/1711/1711 
f 384/1716/1716 380/1715/1715 381/1714/1714 
f 380/1719/1719 384/1718/1718 385/1717/1717 
f 388/1722/1722 387/1721/1721 386/1720/1720 
f 387/1725/1725 388/1724/1724 389/1723/1723 
f 387/1728/1728 389/1727/1727 390/1726/1726 
f 390/1731/1731 389/1730/1730 391/1729/1729 
f 394/1734/1734 393/1733/1733 392/1732/1732 
f 397/1737/1737 396/1736/1736 395/1735/1735 
f 400/1740/1740 399/1739/1739 398/1738/1738 
f 403/1743/1743 402/1742/1742 401/1741/1741 
f 406/1746/1746 405/1745/1745 404/1744/1744 
f 405/1749/1749 406/1748/1748 407/1747/1747 
f 407/1752/1752 406/1751/1751 395/1750/1750 
f 395/1755/1755 406/1754/1754 393/1753/1753 
f 395/1758/1758 393/1757/1757 397/1756/1756 
f 397/1761/1761 393/1760/1760 394/1759/1759 
f 408/1764/1764 393/1763/1763 406/1762/1762 
f 393/1767/1767 408/1766/1766 392/1765/1765 
f 392/1770/1770 408/1769/1769 409/1768/1768 
f 395/1773/1773 410/1772/1772 407/1771/1771 
f 410/1776/1776 395/1775/1775 396/1774/1774 
f 410/1779/1779 396/1778/1778 411/1777/1777 
f 413/1782/1782 408/1781/1781 412/1780/1780 
f 408/1785/1785 413/1784/1784 410/1783/1783 
f 408/1788/1788 410/1787/1787 411/1786/1786 
f 408/1791/1791 411/1790/1790 409/1789/1789 
f 412/1794/1794 405/1793/1793 413/1792/1792 
f 405/1797/1797 412/1796/1796 404/1795/1795 
f 412/1800/1800 406/1799/1799 404/1798/1798 
f 406/1803/1803 412/1802/1802 408/1801/1801 
f 407/1806/1806 413/1805/1805 405/1804/1804 
f 413/1809/1809 407/1808/1808 410/1807/1807 
f 415/1812/1812 398/1811/1811 414/1810/1810 
f 398/1815/1815 415/1814/1814 400/1813/1813 
f 400/1818/1818 415/1817/1817 416/1816/1816 
f 419/1821/1821 418/1820/1820 417/1819/1819 
f 418/1824/1824 419/1823/1823 416/1822/1822 
f 416/1827/1827 419/1826/1826 403/1825/1825 
f 416/1830/1830 403/1829/1829 400/1828/1828 
f 400/1833/1833 403/1832/1832 401/1831/1831 
f 400/1836/1836 401/1835/1835 399/1834/1834 
f 417/1839/1839 421/1838/1838 420/1837/1837 
f 421/1842/1842 417/1841/1841 418/1840/1840 
f 415/1845/1845 420/1844/1844 421/1843/1843 
f 420/1848/1848 415/1847/1847 422/1846/1846 
f 422/1851/1851 415/1850/1850 414/1849/1849 
f 422/1854/1854 414/1853/1853 423/1852/1852 
f 421/1857/1857 416/1856/1856 415/1855/1855 
f 416/1860/1860 421/1859/1859 418/1858/1858 
f 402/1863/1863 422/1862/1862 423/1861/1861 
f 422/1866/1866 402/1865/1865 403/1864/1864 
f 422/1869/1869 403/1868/1868 419/1867/1867 
f 419/1872/1872 420/1871/1871 422/1870/1870 
f 420/1875/1875 419/1874/1874 417/1873/1873 
f 426/1878/1878 425/1877/1877 424/1876/1876 
f 425/1881/1881 426/1880/1880 427/1879/1879 
f 430/1884/1884 429/1883/1883 428/1882/1882 
f 429/1887/1887 430/1886/1886 431/1885/1885 
f 430/1890/1890 433/1889/1889 432/1888/1888 
f 433/1893/1893 430/1892/1892 428/1891/1891 
f 436/1896/1896 435/1895/1895 434/1894/1894 
f 435/1899/1899 436/1898/1898 437/1897/1897 
f 434/1902/1902 425/1901/1901 436/1900/1900 
f 425/1905/1905 434/1904/1904 424/1903/1903 
f 440/1908/1908 439/1907/1907 438/1906/1906 
f 439/1911/1911 440/1910/1910 437/1909/1909 
f 439/1914/1914 437/1913/1913 441/1912/1912 
f 441/1917/1917 437/1916/1916 436/1915/1915 
f 441/1920/1920 436/1919/1919 427/1918/1918 
f 427/1923/1923 436/1922/1922 425/1921/1921 
f 440/1926/1926 443/1925/1925 442/1924/1924 
f 443/1929/1929 440/1928/1928 438/1927/1927 
f 445/1932/1932 441/1931/1931 444/1930/1930 
f 441/1935/1935 445/1934/1934 439/1933/1933 
f 448/1938/1938 447/1937/1937 446/1936/1936 
f 447/1941/1941 448/1940/1940 449/1939/1939 
f 438/1944/1944 445/1943/1943 443/1942/1942 
f 445/1947/1947 438/1946/1946 439/1945/1945 
f 451/1950/1950 447/1949/1949 450/1948/1948 
f 447/1953/1953 451/1952/1952 446/1951/1951 
f 449/1956/1956 452/1955/1955 447/1954/1954 
f 452/1959/1959 449/1958/1958 453/1957/1957 
f 454/1962/1962 449/1961/1961 448/1960/1960 
f 449/1965/1965 454/1964/1964 453/1963/1963 
f 453/1968/1968 454/1967/1967 455/1966/1966 
f 453/1971/1971 455/1970/1970 456/1969/1969 
f 456/1974/1974 455/1973/1973 457/1972/1972 
f 456/1977/1977 457/1976/1976 458/1975/1975 
f 428/1980/1980 434/1979/1979 433/1978/1978 
f 434/1983/1983 428/1982/1982 424/1981/1981 
f 431/1986/1986 458/1985/1985 457/1984/1984 
f 458/1989/1989 431/1988/1988 430/1987/1987 
f 458/1992/1992 432/1991/1991 456/1990/1990 
f 432/1995/1995 458/1994/1994 430/1993/1993 
f 428/1998/1998 426/1997/1997 424/1996/1996 
f 426/2001/2001 428/2000/2000 429/1999/1999 
f 456/2004/2004 452/2003/2003 453/2002/2002 
f 452/2007/2007 456/2006/2006 432/2005/2005 
f 452/2010/2010 432/2009/2009 459/2008/2008 
f 459/2013/2013 432/2012/2012 433/2011/2011 
f 459/2016/2016 433/2015/2015 434/2014/2014 
f 459/2019/2019 434/2018/2018 435/2017/2017 
f 435/2022/2022 450/2021/2021 459/2020/2020 
f 450/2025/2025 435/2024/2024 442/2023/2023 
f 442/2028/2028 451/2027/2027 450/2026/2026 
f 451/2031/2031 442/2030/2030 443/2029/2029 
f 435/2034/2034 440/2033/2033 442/2032/2032 
f 440/2037/2037 435/2036/2036 437/2035/2035 
f 459/2040/2040 447/2039/2039 452/2038/2038 
f 447/2043/2043 459/2042/2042 450/2041/2041 
f 427/2046/2046 444/2045/2045 441/2044/2044 
f 444/2049/2049 427/2048/2048 426/2047/2047 
f 451/2052/2052 460/2051/2051 446/2050/2050 
f 460/2055/2055 451/2054/2054 461/2053/2053 
f 462/2058/2058 429/2057/2057 431/2056/2056 
f 429/2061/2061 462/2060/2060 463/2059/2059 
f 460/2064/2064 455/2063/2063 454/2062/2062 
f 455/2067/2067 460/2066/2066 462/2065/2065 
f 462/2070/2070 460/2069/2069 461/2068/2068 
f 462/2073/2073 461/2072/2072 463/2071/2071 
f 463/2076/2076 461/2075/2075 445/2074/2074 
f 463/2079/2079 445/2078/2078 444/2077/2077 
f 463/2082/2082 426/2081/2081 429/2080/2080 
f 426/2085/2085 463/2084/2084 444/2083/2083 
f 460/2088/2088 448/2087/2087 446/2086/2086 
f 448/2091/2091 460/2090/2090 454/2089/2089 
f 462/2094/2094 457/2093/2093 455/2092/2092 
f 457/2097/2097 462/2096/2096 431/2095/2095 
f 445/2100/2100 451/2099/2099 443/2098/2098 
f 451/2103/2103 445/2102/2102 461/2101/2101 
# 701 polygons